#,"Referring Domain1","Domain Rating (desc)1","Ahrefs Rank","Total Backlinks","Backlinks for Referring Domain (Percent %)","Dofollow Backlinks","Dofollow Backlinks for Referring Domain (Percent %)","First Seen","Referring domains","Linked Domains","Organic Traffic"
1,forexfactory.com,76,29090,198717,63,198668,81,"2017-03-12 06:18:55","37,950",434,569360
2,dailyforex.com,70,102742,6,0,3,0,"2023-03-14 08:55:40","11,739",281,120762
3,forexpeacearmy.com,70,107183,765,0.24,0,0,"2021-09-30 02:13:50","6,153","5,043",234402
4,openforexbroker.com,70,103302,1,0,0,0,"2023-02-25 22:42:30","1,514",9,0
5,forex.pm,70,113974,1,0,0,0,"2022-10-26 17:45:47","15,778","21,147",0
6,forexbrokereview.com,65,169727,2,0,0,0,"2023-01-30 14:27:30","11,905","22,238",0
7,info-forex.de,65,169549,1,0,0,0,"2023-03-03 11:05:15","11,448","4,753",0.29
8,earnforex.com,64,186091,9094,3,0,0,"2019-11-23 04:23:22","7,922","2,432",25453
9,forexrabota.ru,64,183532,2,0,0,0,"2023-01-27 12:17:23","11,041","1,864",4.5
10,enforex.com,55,453278,144,0.05,143,0.06,"2017-09-20 21:07:58","6,009",73,0
11,forexsuggest.com,55,450164,13076,4,0,0,"2022-10-07 00:02:26","2,819",436,48605
12,forex-binary-options.fun,55,435811,3,0,0,0,"2023-02-10 17:45:04","3,264","3,438",0
13,videforex.com,53,545148,2,0,2,0,"2019-07-25 05:10:32","3,117",198,31881
14,practice-forex-trading.space,53,524321,1,0,0,0,"2022-12-02 02:15:29","1,655",73,0.07
15,forex-euro-dollar.space,52,612578,2,0,0,0,"2021-12-24 18:49:54","1,414","1,514",0
16,forex-ball.space,51,672045,1,0,0,0,"2022-12-22 10:41:21","1,337","1,715",0.16
17,forex-market-analysis.space,51,675616,2,0,0,0,"2022-02-27 09:09:15","1,383","1,378",0
18,euro-dollar-forex.space,50,748962,1,0,0,0,"2021-12-25 16:17:33","1,282","1,460",0
19,eurodollarforex.space,49,787764,2,0,0,0,"2022-01-05 17:02:19","1,276","7,803",0.01
20,forex-ship.space,49,775187,1,0,0,0,"2022-01-28 17:14:14","1,243","1,358",0
21,forexsimulator.website,49,795933,2,0,0,0,"2023-02-21 10:12:58","1,435","1,756",0.99
22,easy-forex.cn.com,48,853978,2,0,2,0,"2022-08-16 23:18:25",129,265,7
23,forexoptions.eu,47,971357,3,0,3,0,"2021-12-27 21:42:21","1,075",790,0
24,forexvirlals.info,47,968487,3,0,0,0,"2023-02-12 13:39:30",967,"2,128",0.06
25,1forexforum.com,45,1064348,1,0,0,0,"2020-06-09 05:33:48","3,143",5,0.48
26,pensionsforexpats.co.uk,44,1171157,1,0,0,0,"2022-07-01 14:05:53",706,37,18
27,masterforex-v.org,43,1251604,1,0,1,0,"2022-06-02 10:56:50","1,404","8,804",257
28,forexcargo.us,43,1270886,1,0,1,0,"2020-10-13 15:10:08",200,8,7331
29,theforexguy.com,42,1370733,2,0,0,0,"2021-12-05 00:49:50","1,027",49,226
30,busforex.com,41,1534374,151,0.05,0,0,"2021-08-16 20:24:19","1,715",606,0
31,forexsmarttrade.com,41,1445719,1,0,0,0,"2019-06-05 00:40:43",541,50,64
32,scholarshipsforexcellence.com,38,1900131,1,0,1,0,"2019-11-17 00:15:07",333,"5,128",2.2
33,forexestafa.es,38,1960086,333,0.11,0,0,"2019-06-22 14:02:30","1,750","1,206",147
34,forexsn.com,36,2422649,5738,2,0,0,"2021-02-22 06:24:15","1,711","4,511",0
35,enforex.es,34,2787056,10,0,10,0,"2021-03-15 08:30:20",226,23,1966
36,forex.hu,33,3186053,7,0,7,0,"2020-12-21 17:08:53",249,20,0
37,forexstart.com,32,3435730,2,0,0,0,"2022-06-23 07:59:03",47,27,55
38,nhcenterforexcellence.org,32,3627417,2,0,2,0,"2021-12-09 15:51:48",78,50,125
39,dasarforex.com,30,4320360,24,0.01,0,0,"2020-05-01 18:10:32",543,123,665
40,iniforex.com,29,4960885,241,0.08,0,0,"2021-05-11 15:55:40","1,466","1,858",0
41,sekolahforex.id,29,4850094,181,0.06,181,0.07,"2020-04-28 07:57:30",83,19,24
42,forexinthai.com,28,5126809,1,0,1,0,"2020-01-18 18:10:20",213,33,3640
43,latino-forex.com,28,5119019,33,0.01,33,0.01,"2022-07-10 14:49:50","1,411","10,443",0
44,forexevents.com,27,5906770,11,0,11,0,"2023-03-14 18:51:48",14,0,0
45,technicalforex.com,27,5634176,14,0,0,0,"2022-06-05 23:49:56",407,62,0
46,forexsignalroom.com,26,6772256,3,0,0,0,"2023-03-09 11:08:08",100,37,14
47,forextrader2win.com,26,6629482,223,0.07,0,0,"2020-08-21 10:10:11",783,683,0
48,forextradersuk.com,26,6902210,1,0,0,0,"2021-09-10 23:52:49",41,7,148
49,maharajaforex.com,26,6310090,8,0,0,0,"2021-04-06 02:26:21",40,3,581
50,centreforexpandedpoetics.com,25,7540543,43,0.01,43,0.02,"2021-09-30 07:27:51",53,50,4.5
51,exbinaforex.com,25,7501794,2,0,0,0,"2022-01-31 21:34:46",22,5,0.04
52,forexcargobox.com,25,7088039,2,0,1,0,"2019-06-26 20:05:05",41,4,0
53,forexee.com,25,7171930,1,0,1,0,"2021-07-09 10:44:55",160,29,9
54,forexindo.com,25,7609517,58,0.02,0,0,"2016-07-08 10:24:44",765,659,1042
55,forexneuralnetwork.com,25,7369740,45,0.01,0,0,"2022-02-15 05:49:09",834,655,0
56,helpingwithforex.com,25,7216045,75,0.02,0,0,"2021-01-29 04:36:12",578,"1,099",18
57,forex-nawigator.biz,24,7798425,1,0,1,0,"2015-12-02 11:40:26",221,"6,976",8150
58,chuyengiaforex.com,24,7749930,3,0,3,0,"2020-08-25 17:56:10",93,175,2.7
59,forexcargodeals.com,22,8687284,2,0,0,0,"2020-04-25 16:12:29",150,417,3232
60,forextradingnomad.com,22,8918355,5,0,0,0,"2023-01-24 10:26:36",293,12,0
61,bfsforex.com,21,9423817,1,0,1,0,"2021-11-05 01:14:10",71,7,0
62,thecenterforexceptionalfamilies.org,21,9242048,51,0.02,51,0.02,"2019-05-22 03:51:08",39,167,40
63,forexstockmarkethours.com,20,9701298,1,0,1,0,"2020-05-22 21:08:55",103,162,0
64,forex.ee,20,10077131,2,0,2,0,"2022-03-21 11:37:44",148,26,0
65,stp.forex,20,10174300,147,0.05,147,0.06,"2022-02-07 21:08:22",27,20,34
66,forex-broker.trade,19,10559844,1,0,1,0,"2022-07-04 02:10:13",12,10,0
67,atimeforexpression.com,18,11549414,156,0.05,156,0.06,"2017-06-13 20:39:08",82,55,26
68,forexnext.com,18,11384520,5,0,5,0,"2019-08-27 07:50:51",449,66,22
69,forexguru.pk,18,11280297,2,0,2,0,"2020-08-25 23:44:38",108,68,75
70,forexbroker.co.ke,17,12457826,288,0.09,0,0,"2022-08-02 21:18:06",124,83,2847
71,forexforum.asia,16,12674382,4,0,4,0,"2022-08-29 17:41:27",65,511,0
72,ebshkforex.com,16,12984262,1,0,0,0,"2019-04-17 02:47:54",14,22,70
73,forexalchemy.com,16,13196929,1,0,1,0,"2021-09-11 21:25:16",344,615,44
74,onlineforexmaster.com,16,12700990,2,0,0,0,"2020-02-09 11:49:02",233,35,17
75,rannforex.com,16,12564235,1,0,0,0,"2021-03-23 12:51:08",59,54,442
76,forexdigital.net,16,12700321,316,0.10,0,0,"2022-02-02 07:28:40",592,440,155
77,charterforex.com,15,13703983,1,0,0,0,"2023-03-17 16:11:44",7,11,4.7
78,elementforex.com,15,14471550,1,0,0,0,"2023-03-23 03:57:50",340,"7,173",11
79,forexconduct.com,15,13699116,1,0,0,0,"2020-11-19 23:36:00",321,0,0
80,forexratestoday.com,15,14247796,2,0,0,0,"2021-12-24 20:23:55","1,265",22,0.36
81,forexstoreea.com,15,14444569,2097,0.66,2097,0.85,"2021-09-30 04:32:36",335,140,155
82,royalforex.com,15,14779240,6,0,0,0,"2019-03-10 06:23:39",21,6,0
83,forexbrokers.ke,15,14428851,11,0,0,0,"2022-08-01 12:57:03",70,53,0
84,caratradingforex.com,14,15795162,1,0,1,0,"2023-03-21 19:30:42",85,52,25
85,forex2x.com,14,15130893,22,0.01,0,0,"2020-11-08 18:16:29",20,126,9
86,forexbbc.com,14,15290188,3,0,0,0,"2022-07-22 14:59:07",219,26,0.01
87,forexoptimal.com,14,15192987,5,0,0,0,"2021-04-22 15:45:00",129,29,0
88,forex.es,14,15061522,8,0,8,0,"2021-07-12 19:36:51",87,"1,461",0
89,forextrading.reviews,14,15505275,57,0.02,0,0,"2021-05-09 23:13:01",91,72,0
90,forextrip.net,13,16208686,1,0,0,0,"2023-01-02 02:16:01",3,23,41
91,aceforexsignals.com,12,17869547,1,0,0,0,"2023-02-07 19:02:27",144,12,1.7
92,hawksforex.com,12,17592294,2,0,0,0,"2023-02-27 15:34:08",581,15,0.02
93,practiceforex.com,12,17363857,91,0.03,0,0,"2021-05-10 22:51:15",403,613,0.08
94,richalforex.com,12,17486166,2,0,0,0,"2022-01-08 03:30:24",2,0,0
95,daytradingforexlive.com,11,18478043,18,0.01,0,0,"2019-01-23 14:41:43",273,55,0
96,forex786.com,11,18579446,2,0,0,0,"2022-07-09 14:53:19",64,7,0
97,masterforexid.com,11,19674082,5,0,5,0,"2022-04-22 06:30:58",22,43,12
98,shkforex.com,11,19559223,2,0,0,0,"2017-11-25 15:07:15",24,14,2.4
99,societyforexploratoryresearch.com,11,19110227,5,0,0,0,"2022-09-04 14:50:33",278,"6,005",0
100,forexample.de,11,19549393,466,0.15,0,0,"2022-02-28 06:04:50",100,6,5
101,forexlive-forexworld.blogspot.com,10,21661175,43,0.01,43,0.02,"2020-05-24 04:50:28",577,775,0
102,thaitalkforex.com,10,20633521,2,0,0,0,"2022-05-08 14:59:23",58,500,63
103,hongkongforex.hk,10,20621370,1,0,0,0,"2023-02-05 16:14:02",345,"4,848",21
104,kursusforex.id,10,21528037,75,0.02,75,0.03,"2020-01-29 07:12:41",91,25,0
105,forexvps.co,9,23708941,1,0,0,0,"2019-05-06 21:37:51",2,7,0
106,xtreamforextadingproducts.blogspot.com,9,24186200,53,0.02,53,0.02,"2021-06-25 00:21:37",5,10,0
107,forex100academy.com,9,22376886,10,0,9,0,"2019-08-11 07:15:08",42,23,21
108,geekieforexreviews.com,9,22333082,1,0,1,0,"2020-06-27 16:55:46",13,15,0
109,jdforexbroker.com,9,23560914,15,0,0,0,"2021-02-11 11:52:49",130,26,0
110,king-forex.com,9,21908429,96,0.03,96,0.04,"2019-02-15 05:01:29",50,23,53
111,forexindices.es,9,22194219,17,0.01,0,0,"2013-08-08 18:49:17",18,22,0
112,forex-trading-market.eu,9,24193266,1,0,1,0,"2019-04-19 06:10:59",90,12,1.1
113,forexmarketing.eu,9,23893193,2,0,0,0,"2019-10-24 15:38:13",1,0,0
114,mglforex.mn,9,22226412,1,0,0,0,"2021-06-23 11:59:06",10,65,175
115,ibforex.top,9,24028697,1,0,0,0,"2019-10-17 11:22:09",6,4,0
116,forexsignals.cc,8,25946519,3,0,0,0,"2019-01-16 20:19:32",10,18,20
117,forexcompanywatchmovies.blogspot.com,8,26356532,20,0.01,20,0.01,"2022-01-07 18:28:38",544,"1,133",0
118,forexbooklet.com,8,25598006,1,0,0,0,"2021-08-12 14:02:24",10,28,0
119,forexhomeschooling.com,8,26447776,1,0,0,0,"2021-12-16 14:40:00",2,0,0.01
120,forextradinglondon.com,8,25464311,1,0,1,0,"2023-02-22 15:15:51",38,53,0
121,mforex.pro,8,24358840,2,0,0,0,"2021-04-07 09:16:57",6,19,0
122,forexstart01.space,8,26075772,8,0,0,0,"2023-03-04 18:02:41",1,12,0
123,forex.vision,8,26501020,1,0,0,0,"2021-08-19 16:25:58",3,10,0.04
124,forexforum.co,7,27376244,37034,12,7,0,"2019-11-08 19:42:25",68,24,1715
125,creditcardsforexcellentcredit.blogspot.com,7,27280108,3,0,3,0,"2022-12-10 19:39:15",3,8,0
126,eforexvps.com,7,26711221,2,0,1,0,"2019-12-27 00:14:17",12,10,0
127,fbcforexinstitute.com,7,28850861,1,0,0,0,"2021-10-27 15:58:33",2,9,0
128,forex-broker-review.com,7,28246420,1,0,1,0,"2021-10-08 15:02:23",16,25,0.90
129,forexmarketview.com,7,28151959,3,0,0,0,"2022-12-28 12:02:46",483,419,0
130,gkmforex68.com,7,27780218,8,0,0,0,"2021-11-20 02:28:14",7,11,0
131,mscforexport.com,7,29240843,1,0,0,0,"2022-05-07 03:33:00",1,1,0
132,pureforexcrypto.com,7,28664233,4,0,4,0,"2023-01-07 02:56:21",1,3,0
133,uniforexmexico.com,7,28867248,25,0.01,25,0.01,"2020-08-04 03:39:46",1,10,2.1
134,zignalforex.com,7,27958347,1,0,0,0,"2022-12-04 18:27:52",3,0,0
135,forexpeople.co.za,7,29032455,1,0,0,0,"2022-09-22 13:28:40",8,37,66
136,vistaforex.cf,6,32418455,30,0.01,30,0.01,"2021-11-02 11:56:16",442,"19,752",1.1
137,secretsfromtheheart-forex.blogspot.com,6,30347641,11,0,11,0,"2021-04-17 21:45:38",22,60,0.24
138,gkmforex73.com,6,30074936,3,0,0,0,"2021-12-25 18:20:33",5,10,0
139,instantforexincome.com,6,30210755,1,0,0,0,"2021-03-23 18:34:50",152,57,0
140,forextherm.cz,6,30628895,4,0,0,0,"2021-09-13 20:54:13",11,3,0.92
141,forexvps.host,6,31998639,1,0,0,0,"2023-02-21 09:04:04",321,5,0.05
142,vistaforex.xyz,6,29593054,5,0,5,0,"2021-09-19 03:28:14",109,"13,117",0
143,forextraderbg.blogspot.com,5,33053503,14,0,14,0.01,"2020-11-23 16:26:07",6,14,1.7
144,forexef.com,5,33590020,1,0,1,0,"2022-12-11 11:59:46",201,"20,174",0
145,topforexplatform.com,5,33136504,1,0,0,0,"2022-11-18 12:17:17",395,"2,911",0
146,costaforex.in,5,34235590,2,0,0,0,"2022-10-19 08:21:29",4,4,0
147,tradingforexgold.net,5,34270069,332,0.10,332,0.14,"2018-08-11 04:02:21",149,29,8
148,forexmoneyexchangeservicedelhi.blogspot.com,4,35319577,24,0.01,24,0.01,"2019-04-01 05:55:22",7,13,0
149,forex-makers.com,4,35271310,11,0,0,0,"2019-01-04 07:29:57",527,57,0
150,gkmforex72.com,4,35373648,9,0,0,0,"2021-12-18 11:12:33",3,10,0
151,forex30pips.it,4,35272251,24,0.01,24,0.01,"2020-03-18 08:28:39",9,24,0
152,fotoopforex.nl,4,35509168,2,0,2,0,"2022-11-13 06:35:41",57,17,3.4
153,gkmforex75.com,4,36022877,1,0,0,0,"2022-01-09 02:44:34",4,10,0
154,deforexopleiding.nl,4,35731822,1,0,0,0,"2023-02-15 07:44:42",3,8,16
155,forexremisier.blogspot.com,4,36599696,34,0.01,34,0.01,"2019-04-02 15:24:28",1,9,0
156,usaforexsignal.blogspot.com,4,36346256,5,0,5,0,"2022-05-07 21:22:31",1,11,0
157,forexcalibursignal.com,4,36837288,2,0,2,0,"2023-01-11 11:55:51",121,"5,879",2.8
158,forexmoneytransferltd.com,4,36222261,1,0,0,0,"2022-09-03 12:58:36",1,0,0
159,gkmforex69.com,4,37142702,4,0,0,0,"2021-11-29 22:48:53",3,11,0
160,gkmforex70.com,4,36929564,4,0,0,0,"2021-12-04 05:13:10",3,11,0
161,miamiforexclub.com,4,37370249,8,0,8,0,"2018-04-20 10:30:42",28,18,0.37
162,forexin.com,4,39698400,5,0,0,0,"2019-10-06 21:56:32",7,4,0.42
163,realforexbroker.com,4,39265077,2,0,1,0,"2022-12-23 03:27:01",38,44,0
164,forexhustleruniversity.blogspot.com,3,40141080,2,0,2,0,"2023-02-07 09:42:04",1,4,0
165,forex-forum.by,3,40759787,1,0,0,0,"2020-01-22 18:20:27",29,58,0
166,comelearnforex.com,3,40711529,1,0,1,0,"2019-02-12 03:44:32",15,9,55
167,realforexsignal.com,3,41081032,1,0,0,0,"2021-04-18 21:18:01",1,4,0
168,forexforums.com,3,41347507,7,0,7,0,"2023-02-13 15:40:58",79,"1,226",0
169,forexmarkethelpers.blogspot.com,3,42996794,7,0,7,0,"2022-02-23 18:31:15",1,8,0
170,withdrawal-forex.blogspot.com,3,42614836,4,0,4,0,"2021-07-12 05:59:40",2,18,0
171,belajarforexdasaruntukpemula.blogspot.com,3,44031213,26,0.01,0,0,"2021-10-10 05:44:09",95,112,0.10
172,belajarforexpemulaindonesia.blogspot.com,3,44024236,109,0.03,0,0,"2020-11-30 23:03:06",95,67,1.1
173,forexcomexsignalstheexbs.blogspot.com,3,44014877,13,0,13,0.01,"2020-10-21 15:16:29",1,8,0
174,tradingforexsaham.blogspot.com,3,43940910,58,0.02,0,0,"2020-11-30 21:18:47",96,65,3.9
175,forexlearnersacademy.com,3,44130656,4,0,4,0,"2021-09-04 12:11:55",13,139,0.16
176,forum.forex,3,43914446,1,0,0,0,"2021-01-16 06:46:01",79,22,134
177,forexwealth.biz,3,44404165,33,0.01,33,0.01,"2022-09-10 01:13:09",6,21,0
178,belajarforexuntukpemulagratis.blogspot.com,3,44333238,15,0,0,0,"2021-06-29 03:04:50",93,113,0
179,investinforexs.blogspot.com,3,44343731,13,0,13,0.01,"2020-04-08 23:05:24",1,5,0
180,forextradingstrategysystem.com,3,44372103,2,0,2,0,"2022-09-05 00:00:06",112,126,0
181,belajarforextradingonlineindonesia.blogspot.com,3,45694435,31,0.01,0,0,"2021-01-08 04:16:09",82,113,0.01
182,belajarforexyoutube.blogspot.com,3,45694430,104,0.03,0,0,"2020-12-03 13:36:58",82,113,0
183,videoforextraiding.blogspot.com,3,45773418,1,0,1,0,"2020-06-27 06:24:53",83,70,0
184,lovingforex.com,3,45841616,1,0,0,0,"2023-01-08 05:58:22",11,685,0
185,thisweekinforex.com,3,45758266,13,0,13,0.01,"2017-02-12 05:20:42",11,173,0.58
186,alforexalfombras.com,3,46220787,1,0,0,0,"2022-12-19 20:56:32",43,0,410
187,forextradingstudio.com,3,46549554,1,0,0,0,"2022-04-10 12:24:01",4,8,0
188,oneforexaffiliateprogram.blogspot.com,2,47860117,2,0,2,0,"2023-03-12 21:21:39",23,0,0
189,oneforexaffiliateprogramsreview.blogspot.com,2,47648917,3,0,3,0,"2022-08-30 21:31:44",24,0,0
190,homesforexpat.com,2,47594349,849,0.27,849,0.35,"2022-04-24 23:46:18",7,6,0.02
191,vincoforex.com,2,47613162,10,0,10,0,"2018-11-17 02:24:00",27,21,10
192,profi-forex.info,2,47375083,1,0,1,0,"2022-12-29 01:09:42",25,62,0
193,paysanduforexport.gub.uy,2,47731124,1,0,0,0,"2021-11-10 14:34:04",3,25,10
194,forexaffiliateprogramsreview.blogspot.com,2,48175489,1,0,1,0,"2023-03-14 16:53:42",26,0,0
195,coloradoforex.com,2,48656551,1,0,0,0,"2023-02-26 14:56:45",27,29,77
196,forexformacion.com,2,48498144,31,0.01,0,0,"2022-07-07 11:34:55",103,29,0
197,gkmforex76.com,2,48210159,6,0,0,0,"2022-01-21 20:05:46",3,12,0
198,listbestforexbrokers.com,2,48741607,1,0,0,0,"2023-01-06 12:44:29",47,17,0.56
199,carforexpat.com.sg,2,48106315,17,0.01,17,0.01,"2022-03-09 02:53:18",5,9,4.1
200,australiaforexbrokers.blogspot.com,2,49791877,95,0.03,95,0.04,"2019-03-12 14:49:31",19,27,0
201,forex-cavo.com,2,49522095,1,0,0,0,"2023-01-22 03:16:31",2,3,0
202,gkmforex71.com,2,49645525,5,0,0,0,"2021-12-10 23:26:28",2,10,0
203,forexsigorta.com.tr,2,49056231,2,0,2,0,"2021-11-16 16:29:13",2,18,0
204,forexaweb.com,2,49980130,6,0,0,0,"2019-04-17 16:32:10",4,9,2.9
205,primusforex.net,2,50577437,2,0,0,0,"2023-03-21 06:50:45",2,21,0.13
206,lvlforex.com,2,51474023,2,0,0,0,"2023-01-22 22:49:58",1,6,0
207,forexscamreview.com,2,51707518,1,0,0,0,"2022-05-04 07:58:52",72,28,0.49
208,brokerforexterpercayadiindonesia.blogspot.com,2,53004717,119,0.04,0,0,"2019-04-20 06:29:14",76,56,0
209,tradingforexjakarta.blogspot.com,2,52868324,106,0.03,0,0,"2020-11-30 23:54:22",76,115,0.04
210,silentforex.com,2,53512614,1,0,0,0,"2020-10-25 01:31:30",1,2,0
211,trafficforexcrypto.com,2,53600837,1,0,0,0,"2022-11-24 14:28:54",1,18,0
212,vateeforex.com,2,53764953,4,0,0,0,"2022-09-09 17:45:37",1,9,0
213,rentalsforexpats.eu,2,54198932,1,0,0,0,"2022-04-02 05:39:37",2,9,0.04
214,forexengineer.com.my,2,53858081,1,0,1,0,"2019-12-06 00:17:27",520,22,690
215,attractiveforexpeditionarytrips.blogspot.com,1,55934614,20,0.01,20,0.01,"2022-02-13 15:29:04",2,16,0.33
216,forexekspo.blogspot.com,1,56671572,3,0,3,0,"2022-03-19 09:22:28",3,30,0
217,forextaurus.blogspot.com,1,55978713,504,0.16,504,0.21,"2019-05-15 22:08:17",2,44,0.04
218,clickforex.com,1,56368817,1,0,0,0,"2021-11-14 18:47:28",57,122,0.13
219,forexeurchf.com,1,55839886,340,0.11,0,0,"2021-11-25 22:02:11",17,0,0.14
220,forexeurgbp.com,1,55839887,315,0.10,0,0,"2021-12-08 20:38:37",17,0,0
221,forexusdcad.com,1,55839906,270,0.09,0,0,"2021-12-03 10:09:09",16,0,0.14
222,gkmforex78.com,1,55650215,5,0,0,0,"2022-02-05 06:50:29",2,11,0
223,dayspringlifecoachingforexpats.nl,1,56234811,3,0,3,0,"2022-05-21 04:12:08",3,12,0.52
224,dynamicforexpro.com,1,57708212,1,0,0,0,"2022-12-26 17:34:00",1,0,0.04
225,forexlearningacademy.com,1,57671053,1,0,0,0,"2022-01-22 19:06:28",1,15,0
226,tiptradingforex.blogspot.com,1,58500241,13,0,1,0,"2019-03-02 08:17:24",5,124,0.01
227,evolutionforextrading.com,1,57968836,1,0,0,0,"2018-10-13 23:40:39",22,23,0.07
228,gkmforex88.com,1,58241754,28,0.01,0,0,"2022-04-27 10:06:00",5,9,0
229,hattonandberkeley-forex.com,1,58141927,16,0.01,16,0.01,"2017-04-11 01:55:04",2,11,0.89
230,market-forex.net,1,59534413,152,0.05,0,0,"2021-11-17 03:09:37",7,6,0
231,silwanaforex.org,1,59607492,10,0,10,0,"2020-11-20 16:33:32",3,62,0
232,conebayforexgym.blogspot.com,1,61406082,293,0.09,293,0.12,"2021-09-07 09:28:13",15,129,3.4
233,orbitforexacademy.blogspot.com,1,61301661,2,0,2,0,"2023-03-13 20:09:42",1,9,0
234,instaforex-africa.com,1,60921212,1,0,0,0,"2022-01-29 14:07:37",11,13,0
235,notesforexam.com,1,61478592,1,0,0,0,"2022-05-01 01:26:32",12,9,0.02
236,forexcues.com,1,61834981,2,0,0,0,"2022-01-07 18:14:02",1,27,0
237,gkmforex81.com,1,62297019,1,0,0,0,"2022-02-26 15:07:23",2,9,0
238,forex4rating.blogspot.com,1,63677108,24,0.01,24,0.01,"2019-03-19 19:11:49",1,44,30
239,forexsignals1.com,1,63429548,1,0,1,0,"2020-12-26 18:44:08",27,227,0
240,iforexgo.com,1,63133013,1,0,0,0,"2022-05-04 04:36:42",7,0,0
241,fullforex.net,1,63311852,9,0,0,0,"2020-11-04 08:47:24",76,"43,479",70
242,gundemforex.com,1,64837436,1,0,1,0,"2022-12-17 20:13:23",131,11,0
243,forex4pro.my,1,64864516,3,0,0,0,"2021-05-20 16:06:54",10,23,0
244,belajarforexgratis.com,1,67207309,1,0,1,0,"2021-04-25 16:56:05",3,8,0.07
245,forex-gurgaon.blogspot.com,1,66249154,23,0.01,23,0.01,"2019-03-18 22:55:54",1,0,0
246,wolfforex.blogspot.com,1,67472030,10,0,10,0,"2021-08-06 02:33:36",3,33,0.06
247,crownforexsignals.com,1,67492129,3,0,0,0,"2021-10-07 19:27:14",1,5,0
248,forextodaytrading.com,1,67760621,1,0,0,0,"2022-11-16 02:54:27",12,5,0
249,forextrader-ph.com,1,67419480,2,0,2,0,"2021-09-30 19:14:26",3,11,7
250,forexstart01.guru,1,67439183,2,0,0,0,"2022-06-23 03:12:52",1,9,0
251,forexgundem.net,1,66950578,1,0,1,0,"2022-08-19 14:07:43",125,9,0
252,endexforex.com,1,69379464,1,0,0,0,"2022-03-09 22:29:10",2,9,0
253,forexjakarta.com,1,68523021,1,0,0,0,"2019-05-28 08:58:22",141,3,0
254,forextradingcorp.com,1,68216909,2,0,0,0,"2021-11-26 05:43:24",18,0,0
255,ezforex.us,1,69077189,14,0,14,0.01,"2023-03-19 05:28:48",117,262,0
256,forex-comex-equity-signals.blogspot.com,0,69937454,459,0.14,459,0.19,"2019-03-12 05:03:50",5,24,0
257,discount-forex.com,0,71700931,1,0,0,0,"2022-07-30 13:48:46",322,19,0
258,myguide2forex.com,0,71877260,1,0,0,0,"2023-03-14 16:00:08",2,19,0
259,inspireforex.co.uk,0,70216084,5,0,0,0,"2019-04-20 14:21:19",120,12,0
260,tradingforexguide.com,0,73300605,1,0,0,0,"2021-04-16 16:23:25","2,646",2,26
261,forexbussinestech.info,0,73457328,94,0.03,94,0.04,"2020-12-18 11:04:19",883,144,0
262,aboutforexdubai.blogspot.com,0,75134721,46,0.01,46,0.02,"2019-03-19 05:22:22",8,11,0
263,brokerforexlokalterbaik.blogspot.com,0,76559873,21,0.01,0,0,"2021-04-25 08:57:11",30,41,0
264,instaforex-word.blogspot.com,0,75544996,1,0,1,0,"2023-03-13 20:23:31",22,75,0
265,thaiforexroom.blogspot.com,0,74766291,124,0.04,124,0.05,"2019-03-30 13:19:50",17,50,0
266,tomforexcar.blogspot.com,0,74588428,3,0,3,0,"2021-12-02 04:30:10",6,33,1416
267,xmforexofficemalaysia.blogspot.com,0,74734533,7,0,7,0,"2021-06-15 08:55:30",3,10,15
268,forextradingsystemcentral.com,0,74450098,1,0,0,0,"2017-03-27 20:30:16",28,12,0.02
269,justforexrebate.com,0,75773409,1,0,0,0,"2021-11-18 16:16:12",11,446,0.15
270,belforex.be,0,79489900,9,0,8,0,"2022-09-06 21:14:51",2,0,306
271,dola4u-forex.blogspot.com,0,79278945,1461,0.46,1461,0.59,"2018-04-03 21:27:52",2,85,0
272,dubaiforexrates.blogspot.com,0,76994624,51,0.02,51,0.02,"2019-03-18 16:58:28",5,18,0
273,forex-surabaya.blogspot.com,0,77423247,18,0.01,18,0.01,"2020-12-05 04:28:26",2,13,2.8
274,forexnadzis.blogspot.com,0,78447009,19,0.01,19,0.01,"2019-03-30 06:22:56",3,9,0
275,forexsignals777traders.blogspot.com,0,77510623,23,0.01,23,0.01,"2019-04-01 19:35:57",1,7,0
276,theforexpage.blogspot.com,0,79474070,1,0,1,0,"2020-05-12 03:47:03",147,"3,154",0
277,forexbestshop.com,0,78121081,1099,0.35,1099,0.45,"2021-09-30 07:26:46",10,75,136
278,forexsmart.id,0,77031101,5,0,0,0,"2022-01-10 15:58:52",1,9,0
279,sekolahtradingforex.id,0,78116543,2,0,0,0,"2020-10-21 06:12:57",1,0,0.04
280,sbnforex.n.nu,0,77639609,4,0,2,0,"2021-09-30 08:15:06",1,6,0
281,aprenderforexonline.blogspot.com,0,83681769,19,0.01,19,0.01,"2022-04-14 13:10:02",2,17,0
282,bsmartforextradingtipsnigeria.blogspot.com,0,81720070,2,0,2,0,"2021-07-23 07:48:57",4,25,0.01
283,cafeforexvn.blogspot.com,0,85125190,7,0,7,0,"2023-01-28 22:11:23",7,12,0
284,corretorforex.blogspot.com,0,82733062,332,0.10,332,0.14,"2016-07-28 21:04:18",3,16,0
285,forexbrics.blogspot.com,0,82963507,463,0.15,463,0.19,"2020-03-13 15:39:01",2,26,0
286,forexjust.blogspot.com,0,82036585,21,0.01,2,0,"2018-04-19 08:00:39",11,144,0
287,forextipsproviders.blogspot.com,0,83917041,31,0.01,31,0.01,"2022-04-27 23:22:04",7,11,0
288,forextradersinthailand.blogspot.com,0,81080324,248,0.08,248,0.10,"2019-03-07 06:21:26",4,6,0
289,riodasostrasforexpats.blogspot.com,0,82669354,336,0.11,336,0.14,"2019-01-18 22:22:08",3,90,0
290,statementofforex.blogspot.com,0,82030133,42,0.01,42,0.02,"2022-01-10 17:53:14",246,"1,249",2.0
291,vidayforex.blogspot.com,0,81074236,5,0,5,0,"2022-02-11 04:40:42",4,6,0.01
292,wforex1.blogspot.com,0,80610376,1,0,1,0,"2019-04-21 15:48:45",2,0,0
293,forexmcnstrategy.com,0,82009600,1,0,0,0,"2022-07-19 00:33:47",213,12,0
294,mkbforex.com,0,83898405,1,0,0,0,"2022-08-01 19:03:54",8,122,0.01
295,forexparatodos.eu.org,0,82245228,675,0.21,675,0.27,"2021-02-03 19:13:04",11,102,0
296,forexexclusives.blogspot.com,0,87302643,2,0,2,0,"2021-09-28 15:39:03",198,18,0
297,forexinvestmentinmalaysia.blogspot.com,0,85577816,9,0,6,0,"2021-05-04 19:43:00",10,684,21
298,forextradinginvietnam.blogspot.com,0,88442172,159,0.05,159,0.06,"2019-01-02 13:04:55",1,6,0
299,forextrendinvest.blogspot.com,0,88158423,3,0,3,0,"2021-05-07 17:42:27",4,49,0
300,iceforex.com,0,87300570,1,0,0,0,"2021-09-13 05:26:36",2,12,0
301,insuranceforexpat.es,0,85438023,58,0.02,0,0,"2020-08-05 07:02:37",15,5,9
302,primeforex.co.in,0,85741280,68,0.02,0,0,"2020-02-26 09:04:56",21,7,25
303,forexbusiness.in,0,88688216,1,0,0,0,"2021-03-11 08:18:54",181,11,0.26
304,forexa.net,0,86726801,2,0,2,0,"2021-01-06 17:50:22",8,0,0
305,blogforextrendyreviews.blogspot.com,0,92718022,2,0,2,0,"2023-03-18 13:14:45",12,0,0
306,forexpasha.blogspot.com,0,90101945,124,0.04,124,0.05,"2020-04-29 09:46:54",15,13,2.8
307,volumeofforexidea.blogspot.com,0,93329697,8,0,8,0,"2022-05-12 00:32:05",124,"1,304",0
308,webforextrendyreview.blogspot.com,0,91672881,1,0,1,0,"2023-03-22 10:45:18",14,0,0
309,webforextrendyreviews.blogspot.com,0,92106277,1,0,1,0,"2023-03-22 07:37:15",13,0,0
310,tfl-forex.com,0,93558669,1400,0.44,1400,0.57,"2022-05-27 12:59:45",6,26,0
311,dautuforexhieuquahcm.blogspot.com,0,96023354,20,0.01,20,0.01,"2019-03-30 16:10:25",1,13,0
312,dominiclongpreforex.blogspot.com,0,97524486,40,0.01,40,0.02,"2019-03-09 11:54:37",3,9,0
313,forex16888.blogspot.com,0,99555056,18,0.01,18,0.01,"2021-01-03 10:43:41",1,11,0
314,forexanalysisdaily.blogspot.com,0,98857661,10,0,10,0,"2019-04-21 17:33:34",14,"2,436",0
315,realbestforexbroker1.blogspot.com,0,96062714,3,0,3,0,"2022-05-16 18:41:00",22,20,0
316,forexjames.com,0,99257994,1,0,0,0,"2022-10-07 14:22:11",9,16,1.2
317,forextradingreview.com,0,96919034,1,0,0,0,"2022-07-18 04:36:07",5,154,0.70
318,jaysforexalgo.com,0,96402642,1,0,0,0,"2022-12-01 03:55:15",2,8,0
319,toptierforex.com,0,96713021,6,0,6,0,"2022-01-07 13:42:25",1,13,0
320,forextrades4u.co.uk,0,97196446,60,0.02,60,0.02,"2019-03-06 07:18:02",1,4,0
321,best-forex-broker.com,0,103559843,3,0,0,0,"2020-05-20 16:56:49",83,3,0
322,billionmilestoneforexgroup.com,0,101834446,1,0,0,0,"2020-03-06 09:48:27",1,5,0
323,aboutforex-india.blogspot.com,0,106199722,135,0.04,135,0.05,"2019-02-24 19:46:46",6,23,0
324,analitika-forex.blogspot.com,0,102928251,2,0,2,0,"2023-02-05 08:02:15",1,10,0
325,bests-forex-trading-softwares.blogspot.com,0,107932953,63,0.02,63,0.03,"2019-03-19 13:17:50",18,72,0
326,etoroforexhandelsplattform.blogspot.com,0,109768319,2,0,2,0,"2023-03-04 11:09:38",4,21,0
327,forexandfunzone.blogspot.com,0,102927979,3,0,3,0,"2021-02-11 07:09:30",1,14,0.02
328,forexbdtutor.blogspot.com,0,101945485,10,0,10,0,"2019-03-24 13:17:32",1,9,0
329,forexsystemdownload.blogspot.com,0,107350787,1,0,1,0,"2022-11-21 10:53:37",21,"4,033",10
330,forextrading-thai.blogspot.com,0,106582814,57,0.02,57,0.02,"2019-03-14 19:32:37",3,27,0
331,kursus-forex-di-bandung.blogspot.com,0,106101715,33,0.01,33,0.01,"2019-03-12 16:59:19",1,48,0
332,liteforextrading.blogspot.com,0,107273859,4,0,4,0,"2022-08-05 07:43:38",7,49,0
333,mercadoglobalforex.blogspot.com,0,111179440,3,0,3,0,"2022-07-30 07:30:09",6,9,0
334,roboforexbrasil.blogspot.com,0,103938877,2256,0.71,2256,0.92,"2019-02-19 10:34:34",20,75,0
335,roboforexportugal.blogspot.com,0,107687670,492,0.16,492,0.20,"2017-04-21 18:06:39",14,68,0
336,dawintaforex.com,0,106702391,2,0,0,0,"2022-09-18 02:04:52",2,789,0.01
337,forexlatestnews.com,0,106057471,2,0,0,0,"2023-02-07 04:04:07",4,18,0
338,forexmoneytransfer.com,0,110220638,1,0,0,0,"2023-02-14 14:33:20",3,4,0
339,forextiming.com,0,111186876,2,0,0,0,"2021-05-29 05:57:59",6,74,0
340,freedomforexacademy.com,0,108356339,1,0,0,0,"2020-11-18 11:14:06",1,0,0
341,gkmforex87.com,0,111456809,1,0,0,0,"2022-04-19 21:08:18",2,9,0
342,globalforextradings.com,0,110458756,2,0,0,0,"2022-09-24 14:06:57",4,0,0
343,sapphireforex.com,0,106724816,1,0,0,0,"2022-11-24 08:54:19",4,1,0
344,thedailyforexpress.com,0,104052829,97,0.03,94,0.04,"2021-12-21 23:53:01",454,"4,241",0
345,boomcrashforexacademy.one,0,102382169,1,0,0,0,"2022-05-23 00:41:57",4,105,0
346,tpforex.vn,0,107967154,39,0.01,39,0.02,"2021-09-19 18:48:33",1,27,32
347,dayandnightforex.co.za,0,111114233,1,0,0,0,"2023-03-16 16:51:21",3,13,37
348,dailyforex.ae,0,140192849,9,0,0,0,"2019-04-20 11:49:48",5,0,0
349,forextrade.ae,0,205318204,1,0,0,0,"2023-03-13 10:20:26",1,0,0
350,msforex.com.au,0,-,1,0,0,0,"2022-01-07 16:20:36",0,0,0
351,bestforex.net.au,0,140304810,1,0,0,0,"2023-03-04 20:35:08",8,8,176
352,ctitanforex.cf,0,-,1300,0.41,1300,0.53,"2022-06-16 21:09:49",0,0,0
353,easyforexlearn.cf,0,-,1,0,1,0,"2021-04-04 14:59:10",0,0,0
354,globalforex.ch,0,162246895,12,0,6,0,"2021-03-19 17:10:59",3,5,0
355,forexperience.club,0,-,1,0,0,0,"2021-04-05 22:48:43",0,0,0
356,forexring.club,0,-,4,0,0,0,"2020-11-20 08:07:27",0,0,0
357,simpleforex.club,0,-,1,0,0,0,"2022-01-08 18:48:25",0,0,0
358,forexempire.co,0,-,1,0,1,0,"2022-07-23 09:19:16",0,0,0
359,247forextrader.com,0,-,2,0,0,0,"2022-12-18 01:31:54",0,0,0
360,24forexminings.com,0,-,4,0,4,0,"2022-12-26 12:09:48",0,0,0
361,abedisforex.com,0,-,1,0,0,0,"2023-02-12 10:33:10",0,0,0
362,abhinandanforex.com,0,-,1,0,0,0,"2023-03-17 08:35:33",0,0,0
363,addictionhelpforexecs.com,0,-,1,0,0,0,"2020-05-23 23:01:27",0,0,0
364,banglaforexschool.com,0,128715314,1,0,0,0,"2023-03-05 00:34:04",5,0,0
365,batelforexport.com,0,-,5,0,0,0,"2022-12-27 04:59:19",0,0,0
366,belajarforexdibali.com,0,194189556,3,0,3,0,"2021-09-30 15:54:08",1,11,0
367,bellaforex.com,0,-,1,0,0,0,"2022-01-07 18:03:29",0,0,0
368,bellforexcryptolearn.com,0,-,1,0,0,0,"2022-11-14 00:41:54",0,0,0
369,bengalforex.com,0,-,2,0,0,0,"2022-02-16 09:12:08",0,0,0
370,bennydcforex.com,0,-,1,0,0,0,"2023-02-28 15:08:42",0,0,0
371,bestforexcapital.com,0,137419678,1,0,1,0,"2021-10-11 13:32:29",1,4,0
372,bharatforextrading.com,0,-,1,0,0,0,"2023-03-04 00:09:42",0,0,0
373,blackholeforex.com,0,-,2,0,0,0,"2022-02-01 16:37:34",0,0,0
374,blockforextrade24hrs.com,0,-,2,0,0,0,"2022-03-26 05:31:32",0,0,0
375,blogforexviet.com,0,-,52,0.02,52,0.02,"2021-04-15 09:23:53",0,0,0
376,1forexxx.blogspot.com,0,-,3,0,3,0,"2023-03-04 21:27:35",0,0,0
377,1minuteinoutforex.blogspot.com,0,-,48,0.02,48,0.02,"2021-04-20 15:11:59",0,0,0
378,24forexsingal.blogspot.com,0,-,163,0.05,163,0.07,"2019-04-04 21:35:01",0,0,0
379,aboutaforexquote.blogspot.com,0,-,8,0,8,0,"2022-04-28 08:32:08",0,0,0
380,academiaforex.blogspot.com,0,-,5,0,5,0,"2021-04-17 23:23:21",0,0,0
381,academy-forexgen.blogspot.com,0,-,6,0,6,0,"2019-03-27 03:10:42",0,0,0
382,accurateforexsignalprovider.blogspot.com,0,-,6,0,6,0,"2020-06-15 08:29:36",0,0,0
383,acforex.blogspot.com,0,-,6,0,6,0,"2022-01-24 04:17:08",0,0,0
384,adcoderegistrationforexportandimport.blogspot.com,0,-,31,0.01,31,0.01,"2021-07-31 14:09:00",0,0,0
385,admanforex.blogspot.com,0,-,3,0,3,0,"2023-03-19 01:05:37",0,0,0
386,admiralmarkets-forex.blogspot.com,0,-,10,0,10,0,"2019-04-04 19:06:06",0,0,0
387,ageatraderforex-onweb.blogspot.com,0,-,75,0.02,75,0.03,"2019-03-03 04:48:09",0,0,0
388,agenforexaslimalang.blogspot.com,0,-,3,0,3,0,"2022-02-10 08:06:23",0,0,0
389,ahli-forex.blogspot.com,0,-,2,0,2,0,"2021-10-10 12:12:26",0,0,0
390,allaboutforexbusiness.blogspot.com,0,-,2,0,2,0,"2021-05-30 13:49:09",0,0,0
391,analisaforextehnikal.blogspot.com,0,-,1,0,1,0,"2023-03-13 05:54:56",0,0,0
392,analisaharianforex.blogspot.com,0,-,19,0.01,19,0.01,"2021-01-31 20:49:00",0,0,0
393,analisetecnicaforex.blogspot.com,0,133094063,695,0.22,695,0.28,"2016-04-24 19:33:14",8,29,0
394,anti-roboforex.blogspot.com,0,114551804,6,0,6,0,"2021-12-20 01:50:57",8,36,0
395,anti-roboforex-china.blogspot.com,0,126490865,17,0.01,17,0.01,"2022-06-10 22:54:22",5,36,0
396,anti-roboforex-germany.blogspot.com,0,126505875,7,0,7,0,"2019-04-05 22:49:27",6,33,0
397,anti-roboforex-indonesia.blogspot.com,0,119980549,8,0,8,0,"2019-03-02 18:00:58",8,6,0
398,anti-roboforex-lithuania.blogspot.com,0,126193271,6,0,6,0,"2020-07-18 11:25:29",6,0,0
399,aprenda-forex.blogspot.com,0,-,12,0,12,0,"2022-04-26 08:08:57",0,0,0
400,aprendetodosobreforex.blogspot.com,0,117682170,4,0,4,0,"2020-03-04 09:24:38",2,28,0
401,asianforextrade.blogspot.com,0,-,3,0,3,0,"2022-08-27 22:59:49",0,0,0
402,aulasdeforex.blogspot.com,0,-,960,0.30,960,0.39,"2016-06-29 11:09:08",0,0,0
403,autoforextrading.blogspot.com,0,-,20,0.01,20,0.01,"2021-06-12 16:39:23",0,0,0
404,autopilotforexrobot.blogspot.com,0,-,16,0.01,16,0.01,"2021-07-07 07:44:29",0,0,0
405,autosultanforex.blogspot.com,0,142613509,14,0,14,0.01,"2022-05-21 14:48:24",1,9,0
406,autosultangforex.blogspot.com,0,142613705,70,0.02,70,0.03,"2022-03-18 15:31:54",1,10,0
407,avfxforexbroker.blogspot.com,0,154672963,20,0.01,20,0.01,"2020-10-16 02:30:48",1,6,0
408,bangladeshforexhelpcenter.blogspot.com,0,-,7,0,7,0,"2021-05-28 20:12:21",0,0,0
409,bbmforex.blogspot.com,0,-,19,0.01,19,0.01,"2020-06-12 17:14:07",0,0,0
410,belajarforexdimedan.blogspot.com,0,-,5,0,5,0,"2019-04-21 11:16:24",0,0,0
411,belajarforexjarakjauh.blogspot.com,0,-,1,0,1,0,"2023-02-07 20:40:35",0,0,0
412,belajarforexmandiri.blogspot.com,0,-,14,0,14,0.01,"2019-02-21 13:54:56",0,0,0
413,belajartutorialforex.blogspot.com,0,-,1,0,1,0,"2023-03-07 16:21:58",0,0,0
414,berbagiforex.blogspot.com,0,-,20,0.01,20,0.01,"2021-03-01 02:01:39",0,0,0
415,beritaforexhariinii.blogspot.com,0,-,16,0.01,16,0.01,"2019-03-24 16:41:43",0,0,0
416,best-forex-robots-2012.blogspot.com,0,-,10,0,10,0,"2021-07-08 03:26:09",0,0,0
417,best-forexindicators.blogspot.com,0,-,17,0.01,17,0.01,"2019-04-05 05:48:12",0,0,0
418,bestexpertinterviewsforextratraffic.blogspot.com,0,-,20,0.01,20,0.01,"2021-05-28 10:48:12",0,0,0
419,bestforexforecaster.blogspot.com,0,-,19,0.01,19,0.01,"2021-02-17 20:48:05",0,0,0
420,bestforexindicator2013.blogspot.com,0,-,96,0.03,96,0.04,"2020-11-12 19:13:57",0,0,0
421,bestforexsignaladvicesprovider.blogspot.com,0,-,13,0,13,0.01,"2021-06-25 05:32:13",0,0,0
422,bestforexsignals247.blogspot.com,0,-,25,0.01,25,0.01,"2021-04-27 13:48:15",0,0,0
423,bestonlineforexbroker-enclavefx.blogspot.com,0,-,34,0.01,34,0.01,"2022-07-06 21:25:17",0,0,0
424,binarymarketforex.blogspot.com,0,-,1,0,1,0,"2023-03-22 00:58:08",0,0,0
425,bitcoinforexx.blogspot.com,0,-,2,0,2,0,"2023-03-15 04:01:50",0,0,0
426,blajarforextrading.blogspot.com,0,154735727,7,0,7,0,"2022-02-02 22:51:13",1,14,0
427,bluemajicforex.blogspot.com,0,-,29,0.01,29,0.01,"2022-01-02 20:54:28",0,0,0
428,bluemaxforextrade.blogspot.com,0,-,3,0,3,0,"2022-05-26 21:58:58",0,0,0
429,borsaforexegitimi.blogspot.com,0,-,1,0,0,0,"2023-03-11 07:37:51",0,0,0
430,broker-forex-indonesia.blogspot.com,0,-,8,0,8,0,"2021-11-12 06:43:43",0,0,0
431,bukuforexindonesia.blogspot.com,0,-,10,0,10,0,"2020-07-18 11:34:28",0,0,0
432,buyforexonline.blogspot.com,0,150781347,1,0,1,0,"2020-05-30 02:26:10",3,6,0
433,buymyforex.blogspot.com,0,-,4,0,4,0,"2023-03-12 20:29:14",0,0,0
434,buysellforexindelhi.blogspot.com,0,131071299,9,0,9,0,"2021-03-31 08:11:41",1,11,0
435,canadaforexbrokerz.blogspot.com,0,-,5,0,5,0,"2022-01-06 19:06:46",0,0,0
436,carabermainforexafbcash.blogspot.com,0,-,27,0.01,27,0.01,"2021-01-16 09:59:10",0,0,0
437,carabisnisforexsyariah1.blogspot.com,0,-,2,0,2,0,"2023-03-13 12:30:48",0,0,0
438,carabisnisforexsyariahbogor.blogspot.com,0,-,3,0,3,0,"2022-01-02 16:43:54",0,0,0
439,carabisnisforexsyariahjakarta.blogspot.com,0,-,5,0,5,0,"2021-10-01 10:30:53",0,0,0
440,catatan-forex.blogspot.com,0,199765501,48,0.02,48,0.02,"2019-03-13 16:03:20",4,55,0
441,cavricforextruths.blogspot.com,0,207145262,5,0,5,0,"2022-07-14 23:44:34",1,5,0
442,centreforex1.blogspot.com,0,-,8,0,8,0,"2021-05-21 11:20:16",0,0,0
443,chiaseforexceo.blogspot.com,0,194331688,7,0,7,0,"2022-01-16 20:48:36",1,5,0
444,clmforexes.blogspot.com,0,154543065,16,0.01,16,0.01,"2021-06-25 09:33:55",1,7,0
445,comexforexstockpicks.blogspot.com,0,-,18,0.01,18,0.01,"2019-04-15 21:18:14",0,0,0
446,creditforexcard.blogspot.com,0,-,3,0,3,0,"2022-01-12 05:40:55",0,0,0
447,cuentas-demo-forex.blogspot.com,0,-,1,0,1,0,"2023-03-06 10:49:32",0,0,0
448,currency-forextradinginfo.blogspot.com,0,-,3,0,3,0,"2021-06-20 17:37:22",0,0,0
449,daily-forex-trader.blogspot.com,0,199692533,4,0,4,0,"2021-07-18 12:11:20",8,15,0
450,dailyforexmarket.blogspot.com,0,-,1,0,1,0,"2023-03-22 08:00:54",0,0,0
451,dailyforexnotes.blogspot.com,0,-,60,0.02,60,0.02,"2021-03-21 07:37:04",0,0,0
452,daliyforexsignals.blogspot.com,0,-,26,0.01,26,0.01,"2020-07-14 07:35:35",0,0,0
453,dautuforexfbs.blogspot.com,0,117626282,5,0,5,0,"2022-01-20 00:05:21",1,5,0
454,demoforex.blogspot.com,0,150206925,11,0,11,0,"2021-04-11 02:38:06",1,40,0
455,different-forex-trading-methods.blogspot.com,0,-,4,0,4,0,"2022-02-16 00:50:02",0,0,0
456,dineroforexya.blogspot.com,0,-,11,0,11,0,"2021-05-25 12:41:50",0,0,0
457,doubleinadayforex.blogspot.com,0,-,20,0.01,20,0.01,"2021-02-01 09:59:17",0,0,0
458,draniesforexsignals.blogspot.com,0,-,13,0,13,0.01,"2021-04-14 08:37:54",0,0,0
459,due-diligence-forex-act-1999.blogspot.com,0,-,25,0.01,25,0.01,"2020-04-07 11:50:59",0,0,0
460,ea-forex-low-drawdown.blogspot.com,0,-,6,0,6,0,"2021-06-23 06:12:31",0,0,0
461,earnatforex.blogspot.com,0,-,44,0.01,44,0.02,"2019-02-20 06:44:22",0,0,0
462,earnforexu.blogspot.com,0,-,1,0,1,0,"2023-03-08 09:41:05",0,0,0
463,easy-forex-expertadvisor.blogspot.com,0,154805980,17,0.01,17,0.01,"2019-03-26 22:25:39",1,9,0
464,easyforextester.blogspot.com,0,153098544,21,0.01,21,0.01,"2021-04-27 23:59:57",2,8,0
465,easyforextrainingforbeginners.blogspot.com,0,-,2,0,2,0,"2023-02-09 10:09:34",0,0,0
466,eforex1.blogspot.com,0,-,7,0,7,0,"2022-05-08 17:13:27",0,0,0
467,eforexindia.blogspot.com,0,-,3,0,3,0,"2021-07-08 21:41:09",0,0,0
468,en-easy-forex-trading.blogspot.com,0,-,12,0,12,0,"2023-02-05 11:28:44",0,0,0
469,en-forex-business.blogspot.com,0,-,5,0,5,0,"2022-07-30 09:28:53",0,0,0
470,es-forex.blogspot.com,0,125376622,7,0,5,0,"2020-05-05 00:02:06",24,39,0
471,etorotradeforex.blogspot.com,0,-,8,0,8,0,"2020-12-05 19:26:01",0,0,0
472,fazforex.blogspot.com,0,-,23,0.01,23,0.01,"2021-01-03 06:21:59",0,0,0
473,fbs-forexthai.blogspot.com,0,-,4,0,4,0,"2022-01-07 17:15:58",0,0,0
474,fforexaltin.blogspot.com,0,-,15,0,15,0.01,"2019-04-11 00:43:28",0,0,0
475,financialadviceforexpatshochiminh.blogspot.com,0,-,16,0.01,16,0.01,"2020-06-30 11:17:44",0,0,0
476,findexs-forexs.blogspot.com,0,-,10,0,10,0,"2021-10-27 15:46:21",0,0,0
477,forex-biztonsag.blogspot.com,0,-,17,0.01,17,0.01,"2021-04-23 02:53:32",0,0,0
478,forex-bl.blogspot.com,0,-,4,0,0,0,"2022-05-14 12:08:05",0,0,0
479,forex-dinero-negocio.blogspot.com,0,161897345,26,0.01,26,0.01,"2019-01-24 17:20:03",1,10,0
480,forex-earnusdollars.blogspot.com,0,-,14,0,14,0.01,"2021-07-16 04:32:17",0,0,0
481,forex-enews.blogspot.com,0,199952373,37,0.01,37,0.02,"2020-07-04 17:11:07",2,40,0
482,forex-everday.blogspot.com,0,122037289,22,0.01,22,0.01,"2019-03-02 05:44:21",1,6,0
483,forex-forum-academy.blogspot.com,0,161281333,20,0.01,20,0.01,"2020-11-13 23:17:16",1,10,0
484,forex-in-india.blogspot.com,0,-,71,0.02,71,0.03,"2019-03-08 20:08:16",0,0,0
485,forex-journal-news.blogspot.com,0,-,8,0,8,0,"2021-02-06 10:08:14",0,0,0
486,forex-marketsusa.blogspot.com,0,-,91,0.03,91,0.04,"2019-03-24 00:11:08",0,0,0
487,forex-merchant-accounts.blogspot.com,0,-,18,0.01,18,0.01,"2022-01-02 14:35:15",0,0,0
488,forex-mg.blogspot.com,0,128733045,34,0.01,34,0.01,"2019-02-21 03:00:56",2,26,0
489,forex-mmsic-partners.blogspot.com,0,-,23,0.01,23,0.01,"2019-04-19 18:43:39",0,0,0
490,forex-picks.blogspot.com,0,-,1494,0.47,1494,0.61,"2019-03-06 23:09:18",0,0,0
491,forex-poltava.blogspot.com,0,-,16,0.01,16,0.01,"2019-02-25 17:32:44",0,0,0
492,forex-rasid.blogspot.com,0,-,102,0.03,51,0.02,"2019-03-30 07:32:08",0,0,0
493,forex-signals-article.blogspot.com,0,-,4,0,4,0,"2022-01-11 13:32:24",0,0,0
494,forex-signals-daily24.blogspot.com,0,-,18,0.01,18,0.01,"2020-06-21 19:48:09",0,0,0
495,forex-signals-dubai.blogspot.com,0,125466896,223,0.07,223,0.09,"2019-03-14 06:06:08",2,12,0
496,forex-signals-for-you.blogspot.com,0,144859359,112,0.04,112,0.05,"2019-02-19 04:41:52",1,7,0
497,forex-signals-live-charts.blogspot.com,0,154812185,47,0.01,47,0.02,"2019-02-26 15:16:04",1,21,0
498,forex-signals-online.blogspot.com,0,-,48,0.02,48,0.02,"2019-04-16 00:49:31",0,0,0
499,forex-signals-providers1.blogspot.com,0,-,20,0.01,20,0.01,"2019-04-15 21:40:22",0,0,0
500,forex-signals-review1.blogspot.com,0,-,18,0.01,18,0.01,"2021-06-04 17:12:44",0,0,0
501,forex-signals-trade-copier.blogspot.com,0,-,36,0.01,36,0.01,"2019-04-21 12:14:27",0,0,0
502,forex-signals-twitter.blogspot.com,0,-,32,0.01,32,0.01,"2019-04-15 16:15:03",0,0,0
503,forex-signals-with-trade-copier.blogspot.com,0,-,36,0.01,36,0.01,"2021-02-12 01:16:42",0,0,0
504,forex-strategies-gulf.blogspot.com,0,125538042,243,0.08,243,0.10,"2019-03-23 15:21:51",2,11,0
505,forex-trading-16.blogspot.com,0,-,31,0.01,31,0.01,"2019-02-26 22:45:21",0,0,0
506,forex-trading-account-uae.blogspot.com,0,-,20,0.01,20,0.01,"2020-10-05 07:37:44",0,0,0
507,forex-trading-course-london.blogspot.com,0,-,6,0,6,0,"2022-06-12 01:07:57",0,0,0
508,forex-trading-for-begineers.blogspot.com,0,131075004,12,0,12,0,"2021-04-10 23:27:35",6,12,0
509,forex-trading-maneau.blogspot.com,0,-,12,0,12,0,"2022-05-06 16:45:40",0,0,0
510,forex-trading-platform-infos.blogspot.com,0,-,16,0.01,16,0.01,"2022-04-08 20:42:29",0,0,0
511,forex-trading-signals24.blogspot.com,0,-,1,0,1,0,"2023-02-26 03:46:23",0,0,0
512,forex-trading-strategies-forex.blogspot.com,0,-,16,0.01,16,0.01,"2020-12-13 09:38:43",0,0,0
513,forex-traordinaire.blogspot.com,0,-,8,0,8,0,"2021-04-27 04:24:25",0,0,0
514,forex-webtrader.blogspot.com,0,-,19,0.01,19,0.01,"2019-03-23 11:03:47",0,0,0
515,forex-well-trade.blogspot.com,0,-,7,0,7,0,"2019-03-03 10:01:11",0,0,0
516,forex-zigzagstrategy.blogspot.com,0,-,15,0,15,0.01,"2019-04-02 09:44:11",0,0,0
517,forex044.blogspot.com,0,128362759,2,0,2,0,"2020-12-02 04:53:20",1,8,0
518,forex101trading.blogspot.com,0,207065491,2,0,2,0,"2023-03-02 15:09:19",1,51,0
519,forex4bharat.blogspot.com,0,-,5,0,5,0,"2022-04-19 15:31:11",0,0,0
520,forex4you-india.blogspot.com,0,-,2,0,2,0,"2023-03-19 11:18:48",0,0,0
521,forex4you-invest.blogspot.com,0,-,8,0,8,0,"2021-11-11 22:55:05",0,0,0
522,forex4youmy.blogspot.com,0,-,10,0,10,0,"2021-01-06 12:25:36",0,0,0
523,forex4younigeria.blogspot.com,0,149672344,2,0,2,0,"2023-03-17 00:17:40",1,5,0
524,forexabt.blogspot.com,0,-,2,0,2,0,"2023-01-16 10:57:07",0,0,0
525,forexacademic.blogspot.com,0,-,6,0,6,0,"2019-03-22 12:08:29",0,0,0
526,forexafb.blogspot.com,0,-,16,0.01,16,0.01,"2019-03-30 09:09:19",0,0,0
527,forexaffiliateindia.blogspot.com,0,-,11,0,11,0,"2020-05-17 01:11:40",0,0,0
528,forexalersignal.blogspot.com,0,-,100,0.03,100,0.04,"2021-11-16 05:03:22",0,0,0
529,forexamazingtips.blogspot.com,0,-,24,0.01,24,0.01,"2020-11-26 01:46:14",0,0,0
530,forexandnse.blogspot.com,0,138470504,46,0.01,46,0.02,"2019-03-30 15:43:19",2,22,0
531,forexaplicado.blogspot.com,0,-,9,0,9,0,"2019-04-08 18:31:17",0,0,0
532,forexaslisurabaya.blogspot.com,0,-,15,0,15,0.01,"2019-03-18 10:41:35",0,0,0
533,forexaumarocforexaumaroc.blogspot.com,0,-,32,0.01,32,0.01,"2019-03-27 02:54:20",0,0,0
534,forexautomatizado.blogspot.com,0,113744358,31,0.01,31,0.01,"2019-03-08 17:25:20",2,5,0
535,forexautotradinginfo.blogspot.com,0,-,55,0.02,55,0.02,"2019-03-25 05:56:55",0,0,0
536,forexbasicfornewbee.blogspot.com,0,-,11,0,11,0,"2019-04-15 16:18:05",0,0,0
537,forexbastards.blogspot.com,0,122468141,1,0,1,0,"2023-02-23 10:52:48",29,122,0
538,forexbest-no1.blogspot.com,0,131995361,28,0.01,28,0.01,"2019-03-19 00:25:48",1,22,0
539,forexbonus2018.blogspot.com,0,-,2,0,2,0,"2022-04-13 21:48:56",0,0,0
540,forexbonuspost.blogspot.com,0,-,18,0.01,18,0.01,"2021-07-17 14:47:47",0,0,0
541,forexbroker-investment.blogspot.com,0,-,32,0.01,32,0.01,"2019-03-02 14:47:29",0,0,0
542,forexbrokerreviews7.blogspot.com,0,-,5,0,5,0,"2021-03-23 20:02:21",0,0,0
543,forexbuyingandselling.blogspot.com,0,-,13,0,13,0.01,"2022-07-31 13:32:59",0,0,0
544,forexcalendareducation.blogspot.com,0,131948467,35,0.01,35,0.01,"2019-02-26 14:07:38",1,12,0
545,forexcargoflorida.blogspot.com,0,-,8,0,4,0,"2022-02-11 10:41:53",0,0,0
546,forexcashbackinfo.blogspot.com,0,-,24,0.01,24,0.01,"2019-04-18 15:24:00",0,0,0
547,forexcitysignal.blogspot.com,0,-,6,0,6,0,"2023-02-21 04:32:51",0,0,0
548,forexcomexusstockpicks.blogspot.com,0,-,169,0.05,169,0.07,"2020-06-14 11:19:07",0,0,0
549,forexcommoditiestrading.blogspot.com,0,162685723,49,0.02,49,0.02,"2022-06-22 02:59:09",1,0,0
550,forexcryptofrends.blogspot.com,0,-,4,0,0,0,"2022-02-23 05:25:24",0,0,0
551,forexdautungoaihoichonguoimoibatdau.blogspot.com,0,-,8,0,8,0,"2021-11-13 13:20:40",0,0,0
552,forexdaytips.blogspot.com,0,123714938,36,0.01,36,0.01,"2021-04-04 14:36:36",1,7,0
553,forexdaytraders.blogspot.com,0,198997216,14,0,14,0.01,"2021-07-13 22:42:58",1,6,0
554,forexdekazan.blogspot.com,0,-,76,0.02,76,0.03,"2019-04-21 10:52:58",0,0,0
555,forexdenetim.blogspot.com,0,-,110,0.03,110,0.04,"2020-04-30 07:42:35",0,0,0
556,forexdenganrobotnet89.blogspot.com,0,145517415,78,0.02,78,0.03,"2022-02-10 10:13:50",1,11,0
557,forexdirectltd.blogspot.com,0,-,1,0,1,0,"2023-03-12 18:30:24",0,0,0
558,forexdomainnames.blogspot.com,0,-,2,0,2,0,"2021-12-05 13:22:29",0,0,0
559,forexduajiwa.blogspot.com,0,169338496,9,0,9,0,"2019-04-21 20:32:39",1,21,0
560,forexeadownload.blogspot.com,0,-,18,0.01,18,0.01,"2020-07-11 04:23:52",0,0,0
561,forexebooktips.blogspot.com,0,-,3,0,3,0,"2023-02-15 00:03:33",0,0,0
562,forexedgemodel123.blogspot.com,0,-,15,0,15,0.01,"2021-06-06 12:19:29",0,0,0
563,forexeducationperspective.blogspot.com,0,-,1,0,1,0,"2023-03-16 14:18:04",0,0,0
564,forexeducationplatform.blogspot.com,0,154790592,46,0.01,46,0.02,"2020-04-29 17:57:09",1,5,0
565,forexert.blogspot.com,0,-,14,0,14,0.01,"2021-05-03 19:07:33",0,0,0
566,forexezytrading.blogspot.com,0,-,36,0.01,36,0.01,"2021-02-04 13:40:19",0,0,0
567,forexfactoryupdate.blogspot.com,0,133400807,31,0.01,31,0.01,"2019-03-31 06:46:25",2,10,0
568,forexfbsdiindonesia.blogspot.com,0,-,6,0,6,0,"2022-02-11 04:25:31",0,0,0
569,forexforbeginnerstips.blogspot.com,0,-,14,0,14,0.01,"2021-07-14 02:52:15",0,0,0
570,forexforcs.blogspot.com,0,-,21,0.01,21,0.01,"2020-12-05 14:03:06",0,0,0
571,forexforecast82.blogspot.com,0,-,187,0.06,187,0.08,"2020-04-03 13:31:21",0,0,0
572,forexforexmart.blogspot.com,0,-,115,0.04,115,0.05,"2021-05-26 18:44:31",0,0,0
573,forexforlao.blogspot.com,0,-,128,0.04,128,0.05,"2019-02-24 15:45:25",0,0,0
574,forexfree-bonus.blogspot.com,0,-,7,0,7,0,"2021-05-09 14:59:14",0,0,0
575,forexfundmanagementfx.blogspot.com,0,-,10,0,10,0,"2020-06-13 20:18:06",0,0,0
576,forexfutureforecast.blogspot.com,0,-,1,0,1,0,"2023-03-19 01:12:39",0,0,0
577,forexgalleria123.blogspot.com,0,-,42,0.01,42,0.02,"2019-03-15 03:35:39",0,0,0
578,forexglobal-solutions.blogspot.com,0,-,9,0,9,0,"2019-04-10 11:09:52",0,0,0
579,forexgoldsilveru.blogspot.com,0,-,18,0.01,18,0.01,"2020-07-19 17:46:31",0,0,0
580,forexgurukenny.blogspot.com,0,-,12,0,12,0,"2019-04-04 11:27:31",0,0,0
581,forexhackpro.blogspot.com,0,-,25,0.01,25,0.01,"2020-12-17 02:26:58",0,0,0
582,forexhalalmudah.blogspot.com,0,-,11,0,11,0,"2019-03-19 09:49:52",0,0,0
583,forexichat.blogspot.com,0,-,20,0.01,20,0.01,"2019-03-23 22:45:09",0,0,0
584,forexidiots.blogspot.com,0,-,50,0.02,50,0.02,"2019-03-10 02:56:25",0,0,0
585,forexindicatorreviews.blogspot.com,0,-,213,0.07,213,0.09,"2019-01-05 16:34:33",0,0,0
586,forexindishop.blogspot.com,0,-,20,0.01,20,0.01,"2021-09-20 09:27:04",0,0,0
587,forexindosc.blogspot.com,0,-,52,0.02,52,0.02,"2019-03-13 21:41:06",0,0,0
588,forexinecon.blogspot.com,0,148583097,10,0,10,0,"2020-07-12 16:02:43",1,25,0
589,forexing24.blogspot.com,0,-,9,0,9,0,"2022-05-19 20:12:34",0,0,0
590,forexinhabitant.blogspot.com,0,-,14,0,14,0.01,"2019-04-05 13:42:51",0,0,0
591,forexinsighters.blogspot.com,0,148178613,239,0.08,239,0.10,"2019-02-18 22:16:10",1,41,0
592,forexinvestmentsecurity.blogspot.com,0,175784725,177,0.06,177,0.07,"2019-02-20 21:52:57",2,22,0
593,forexinvestopips.blogspot.com,0,136646301,5,0,5,0,"2022-07-31 13:31:30",1,0,0
594,forexiscrazy.blogspot.com,0,147259610,15,0,15,0.01,"2022-01-03 19:58:10",3,90,0
595,forexkuwait.blogspot.com,0,-,28,0.01,28,0.01,"2021-01-29 14:56:31",0,0,0
596,forexlatino2.blogspot.com,0,-,2,0,2,0,"2022-03-04 01:37:22",0,0,0
597,forexlearninggoals.blogspot.com,0,-,6,0,6,0,"2022-01-28 06:17:30",0,0,0
598,forexlearningzoneroi.blogspot.com,0,-,13,0,13,0.01,"2021-05-05 01:34:17",0,0,0
599,forexmadeeasy4unow.blogspot.com,0,187266435,12,0,12,0,"2023-03-18 00:59:08",1,33,0
600,forexmagic4real.blogspot.com,0,-,38,0.01,38,0.02,"2019-04-15 15:24:26",0,0,0
601,forexmarketmastersacademy.blogspot.com,0,168230230,39,0.01,39,0.02,"2020-04-30 07:33:02",2,15,0
602,forexmartforex.blogspot.com,0,-,192,0.06,192,0.08,"2021-05-25 13:42:09",0,0,0
603,forexmetatrader4trading.blogspot.com,0,-,3,0,3,0,"2022-02-26 14:30:29",0,0,0
604,forexmicroaccountuk.blogspot.com,0,-,15,0,15,0.01,"2022-05-05 18:59:56",0,0,0
605,forexmudah9.blogspot.com,0,-,62,0.02,62,0.03,"2023-01-12 06:39:19",0,0,0
606,forexnes.blogspot.com,0,-,10,0,5,0,"2021-04-29 06:11:03",0,0,0
607,forexnews24-update.blogspot.com,0,-,19,0.01,19,0.01,"2021-12-19 03:50:37",0,0,0
608,forexnewspaper.blogspot.com,0,-,18,0.01,18,0.01,"2019-04-11 15:20:05",0,0,0
609,forexondelivery.blogspot.com,0,-,5,0,5,0,"2022-07-03 23:16:43",0,0,0
610,forexonl.blogspot.com,0,-,51,0.02,51,0.02,"2021-05-23 20:02:25",0,0,0
611,forexonlinestrategies.blogspot.com,0,-,75,0.02,75,0.03,"2019-02-19 00:18:33",0,0,0
612,forexpembesarbandung.blogspot.com,0,-,24,0.01,24,0.01,"2020-06-23 17:58:15",0,0,0
613,forexpertonly.blogspot.com,0,-,28,0.01,28,0.01,"2019-04-21 12:21:46",0,0,0
614,forexpipsme.blogspot.com,0,-,3,0,3,0,"2021-09-01 02:33:24",0,0,0
615,forexpipssignal.blogspot.com,0,162018224,15,0,15,0.01,"2019-04-04 09:44:25",7,35,0
616,forexpipssignal1.blogspot.com,0,-,5,0,5,0,"2021-04-23 20:40:16",0,0,0
617,forexplatformsforex.blogspot.com,0,-,13,0,13,0.01,"2021-05-01 13:21:58",0,0,0
618,forexpowerfull.blogspot.com,0,-,39,0.01,39,0.02,"2021-04-27 18:23:39",0,0,0
619,forexproffessionel.blogspot.com,0,-,18,0.01,18,0.01,"2019-04-10 12:56:59",0,0,0
620,forexprofitsigna.blogspot.com,0,-,19,0.01,19,0.01,"2021-04-26 08:28:35",0,0,0
621,forexprostore.blogspot.com,0,-,142,0.04,142,0.06,"2022-10-10 10:29:48",0,0,0
622,forexpyramidscheme22.blogspot.com,0,-,3,0,3,0,"2023-03-18 11:54:30",0,0,0
623,forexqatary.blogspot.com,0,-,50,0.02,50,0.02,"2021-07-06 05:09:24",0,0,0
624,forexradersinindia.blogspot.com,0,132613219,8,0,8,0,"2023-02-26 04:51:51",8,7,0
625,forexranker.blogspot.com,0,-,6,0,6,0,"2021-11-10 05:34:04",0,0,0
626,forexratestodays.blogspot.com,0,194371333,73,0.02,73,0.03,"2019-03-24 18:48:28",1,8,0
627,forexreal99.blogspot.com,0,-,19,0.01,19,0.01,"2019-04-05 10:16:17",0,0,0
628,forexreligion2014.blogspot.com,0,-,39,0.01,39,0.02,"2020-02-07 01:49:53",0,0,0
629,forexreview1.blogspot.com,0,-,2,0,2,0,"2020-07-18 23:56:18",0,0,0
630,forexrobotnew.blogspot.com,0,-,89,0.03,89,0.04,"2021-05-31 11:21:23",0,0,0
631,forexrobotoutlet.blogspot.com,0,137834898,24,0.01,24,0.01,"2019-03-24 02:50:21",1,10,0
632,forexsantai.blogspot.com,0,-,93,0.03,93,0.04,"2019-03-23 10:46:46",0,0,0
633,forexsaudia.blogspot.com,0,114836503,18,0.01,18,0.01,"2021-03-17 04:18:49",2,8,0
634,forexscammerexposed.blogspot.com,0,-,5,0,5,0,"2022-07-27 00:17:52",0,0,0
635,forexschoolindex.blogspot.com,0,-,122,0.04,122,0.05,"2019-02-10 21:38:06",0,0,0
636,forexsdr.blogspot.com,0,-,9,0,9,0,"2020-12-22 16:37:36",0,0,0
637,forexsignalandanalysis.blogspot.com,0,-,4,0,4,0,"2020-06-23 01:33:49",0,0,0
638,forexsignalinsharemarket.blogspot.com,0,-,12,0,12,0,"2021-04-18 09:14:15",0,0,0
639,forexsignalknowledge.blogspot.com,0,-,80,0.03,80,0.03,"2019-04-15 19:09:05",0,0,0
640,forexsignalmaster.blogspot.com,0,-,4,0,4,0,"2021-08-30 21:24:57",0,0,0
641,forexsignals2407.blogspot.com,0,-,42,0.01,42,0.02,"2020-06-18 11:37:46",0,0,0
642,forexsignals24update.blogspot.com,0,-,3,0,3,0,"2022-05-26 20:46:31",0,0,0
643,forexsignals3.blogspot.com,0,-,58,0.02,58,0.02,"2019-03-23 11:36:00",0,0,0
644,forexsignals44.blogspot.com,0,-,34,0.01,34,0.01,"2019-04-21 18:41:26",0,0,0
645,forexsignalsproviderblog.blogspot.com,0,-,31,0.01,31,0.01,"2020-05-07 09:47:45",0,0,0
646,forexsignalsweb.blogspot.com,0,-,17,0.01,17,0.01,"2019-04-11 16:17:05",0,0,0
647,forexsignup.blogspot.com,0,-,48,0.02,48,0.02,"2019-03-19 06:52:43",0,0,0
648,forexsite14.blogspot.com,0,-,3,0,3,0,"2022-07-15 12:04:19",0,0,0
649,forexsnews.blogspot.com,0,-,20,0.01,20,0.01,"2019-03-12 23:49:28",0,0,0
650,forexsnipper.blogspot.com,0,206892687,13,0,13,0.01,"2021-05-10 04:14:40",1,27,0
651,forexsolutionprovider.blogspot.com,0,199095909,40,0.01,40,0.02,"2021-01-09 19:22:30",1,7,0
652,forexstockcash.blogspot.com,0,-,3,0,3,0,"2022-05-22 04:25:02",0,0,0
653,forexstrategysecrets1.blogspot.com,0,-,21,0.01,21,0.01,"2019-04-20 02:01:22",0,0,0
654,forexstretegy.blogspot.com,0,-,5,0,5,0,"2022-06-11 02:18:46",0,0,0
655,forexsugar.blogspot.com,0,147619350,47,0.01,47,0.02,"2020-06-25 10:08:59",1,7,0
656,forexsurakarta.blogspot.com,0,-,17,0.01,17,0.01,"2021-04-12 01:41:19",0,0,0
657,forexsurebusiness.blogspot.com,0,-,82,0.03,82,0.03,"2020-05-15 00:33:46",0,0,0
658,forexthenewrealbusines.blogspot.com,0,-,3,0,3,0,"2021-12-13 02:48:45",0,0,0
659,forextip24.blogspot.com,0,-,16,0.01,16,0.01,"2020-07-21 04:08:02",0,0,0
660,forextl.blogspot.com,0,-,30,0.01,30,0.01,"2021-07-05 23:18:12",0,0,0
661,forextokoverenashop.blogspot.com,0,-,4,0,4,0,"2021-07-18 10:11:51",0,0,0
662,forextradeearningbots.blogspot.com,0,171520292,21,0.01,21,0.01,"2021-05-18 00:59:05",7,6,0
663,forextradeeasy.blogspot.com,0,-,9,0,9,0,"2021-05-09 01:00:49",0,0,0
664,forextradeinfotricks.blogspot.com,0,-,8,0,8,0,"2021-04-20 12:08:17",0,0,0
665,forextraderbeverages.blogspot.com,0,130081410,9,0,9,0,"2019-04-20 07:01:49",1,423,0
666,forextraders-service.blogspot.com,0,-,23,0.01,23,0.01,"2019-01-25 05:32:01",0,0,0
667,forextradersinmalaysia.blogspot.com,0,-,202,0.06,202,0.08,"2019-02-24 08:40:26",0,0,0
668,forextradersinpakistan.blogspot.com,0,114433376,172,0.05,172,0.07,"2019-03-13 10:24:38",1,7,0
669,forextradervv.blogspot.com,0,-,23,0.01,23,0.01,"2021-11-07 02:10:11",0,0,0
670,forextrading-beginners.blogspot.com,0,-,12,0,12,0,"2021-09-27 22:15:04",0,0,0
671,forextrading-express.blogspot.com,0,-,2,0,2,0,"2021-12-17 02:31:45",0,0,0
672,forextradingaction.blogspot.com,0,-,41,0.01,41,0.02,"2020-12-26 20:18:45",0,0,0
673,forextradingaustralian.blogspot.com,0,113653864,18,0.01,18,0.01,"2019-04-20 01:05:26",3,13,0
674,forextradingbanker.blogspot.com,0,-,49,0.02,49,0.02,"2019-02-24 08:40:03",0,0,0
675,forextradingchannels.blogspot.com,0,-,3,0,3,0,"2022-07-21 18:16:34",0,0,0
676,forextradingcondition.blogspot.com,0,144045797,9,0,9,0,"2021-09-22 21:28:59",3,9,0
677,forextradingcourseinindia.blogspot.com,0,180967193,2,0,2,0,"2022-05-28 13:36:41",1,0,0
678,forextradingdemotrading.blogspot.com,0,-,34,0.01,34,0.01,"2021-04-15 09:16:03",0,0,0
679,forextradingentry.blogspot.com,0,-,37,0.01,37,0.02,"2019-03-19 08:48:28",0,0,0
680,forextradingervices.blogspot.com,0,154754732,26,0.01,26,0.01,"2020-04-29 16:59:55",1,8,0
681,forextradingexperiance.blogspot.com,0,-,19,0.01,19,0.01,"2021-05-14 20:45:10",0,0,0
682,forextradingfinancialnews.blogspot.com,0,-,6,0,6,0,"2021-05-07 19:50:03",0,0,0
683,forextradingfloorsltd.blogspot.com,0,-,8,0,8,0,"2021-02-13 06:24:28",0,0,0
684,forextradingforallbeginners.blogspot.com,0,-,4,0,4,0,"2022-07-02 10:56:47",0,0,0
685,forextradingindiain.blogspot.com,0,150914785,64,0.02,64,0.03,"2019-03-24 06:41:57",1,6,0
686,forextradinginindonesia.blogspot.com,0,114233377,180,0.06,180,0.07,"2019-03-18 13:23:45",2,6,0
687,forextradinginnepal.blogspot.com,0,153355474,202,0.06,202,0.08,"2019-03-03 05:49:50",3,7,0
688,forextradingmadeeasy.blogspot.com,0,130058005,4,0,4,0,"2019-04-10 22:34:26",2,20,0
689,forextradingmark.blogspot.com,0,-,75,0.02,75,0.03,"2019-04-18 22:00:50",0,0,0
690,forextradingservciesinindia.blogspot.com,0,164111637,1,0,1,0,"2022-03-16 09:11:21",1,14,0
691,forextradingstarterkit.blogspot.com,0,-,22,0.01,22,0.01,"2019-04-16 23:33:51",0,0,0
692,forextradingsystemau.blogspot.com,0,-,31,0.01,31,0.01,"2019-03-30 20:55:28",0,0,0
693,forextradingultimaterobot.blogspot.com,0,-,26,0.01,26,0.01,"2019-03-10 15:13:14",0,0,0
694,forextradtoday.blogspot.com,0,154646254,18,0.01,18,0.01,"2021-04-22 01:38:24",1,11,0
695,forextrees.blogspot.com,0,-,5,0,5,0,"2021-06-17 03:49:35",0,0,0
696,forextrendyinvestment.blogspot.com,0,-,32,0.01,32,0.01,"2021-04-10 02:46:01",0,0,0
697,forextrendypdf.blogspot.com,0,-,50,0.02,50,0.02,"2021-04-22 20:04:38",0,0,0
698,forextrusty.blogspot.com,0,-,26,0.01,26,0.01,"2019-03-03 17:26:42",0,0,0
699,forextvoi.blogspot.com,0,-,6,0,6,0,"2021-09-23 21:21:45",0,0,0
700,forexviewsncalls.blogspot.com,0,127888812,110,0.03,110,0.04,"2019-02-08 15:38:19",1,0,0
701,forexvipsignals.blogspot.com,0,198995994,45,0.01,45,0.02,"2021-03-13 21:04:52",1,7,0
702,forexviptrading.blogspot.com,0,-,9,0,9,0,"2022-01-10 20:45:23",0,0,0
703,forexwebstore01.blogspot.com,0,-,1,0,1,0,"2023-03-11 16:22:49",0,0,0
704,forexworldtradingsignalprovider.blogspot.com,0,154834765,20,0.01,20,0.01,"2019-04-04 16:04:04",1,4,0
705,forexzdarma.blogspot.com,0,172203881,100,0.03,100,0.04,"2019-03-07 22:13:46",1,17,0
706,franciscoribasymimundoforex.blogspot.com,0,-,15,0,15,0.01,"2020-07-05 04:53:58",0,0,0
707,free-forex-signals247.blogspot.com,0,-,25,0.01,25,0.01,"2019-04-21 13:31:08",0,0,0
708,free-forex-technical-signals.blogspot.com,0,-,85,0.03,85,0.03,"2019-02-24 12:56:29",0,0,0
709,free-indicator-for-forex.blogspot.com,0,167314980,212,0.07,212,0.09,"2019-03-02 06:02:54",1,13,0
710,freefactoryforex.blogspot.com,0,-,6,0,6,0,"2023-02-26 06:57:28",0,0,0
711,freeforexindicators100.blogspot.com,0,-,1,0,0,0,"2022-02-21 23:53:11",0,0,0
712,freeforexsignalsindia.blogspot.com,0,-,11,0,11,0,"2021-04-20 04:56:52",0,0,0
713,freshforexdatabase.blogspot.com,0,-,5,0,5,0,"2022-07-24 04:27:15",0,0,0
714,fxbrokersempireforexnews.blogspot.com,0,-,2,0,2,0,"2023-03-08 01:39:00",0,0,0
715,fxedukasiforexindeksaham.blogspot.com,0,-,3,0,3,0,"2022-07-31 07:34:23",0,0,0
716,fxgloryforex.blogspot.com,0,-,25,0.01,25,0.01,"2020-07-19 18:14:03",0,0,0
717,getforexsignalsprovider.blogspot.com,0,177987362,26,0.01,26,0.01,"2018-03-20 05:49:02",1,5,0
718,gettheforexrobot.blogspot.com,0,150708183,25,0.01,25,0.01,"2021-10-12 18:25:42",3,8,0
719,goldtrading-forextrading.blogspot.com,0,-,30,0.01,30,0.01,"2019-03-18 18:55:58",0,0,0
720,gstrefundforexporters.blogspot.com,0,-,8,0,8,0,"2022-01-06 15:44:56",0,0,0
721,gudangtipstrikbinaryforex.blogspot.com,0,-,11,0,11,0,"2020-06-21 12:16:32",0,0,0
722,hammerofthorforexmedan1.blogspot.com,0,-,3,0,3,0,"2021-08-08 08:18:50",0,0,0
723,haveforextrade.blogspot.com,0,-,208,0.07,208,0.08,"2021-11-03 23:40:00",0,0,0
724,hotforexindelhi.blogspot.com,0,138971834,5,0,5,0,"2021-01-15 16:37:26",7,11,0
725,howtobecomeaforextrader.blogspot.com,0,-,20,0.01,20,0.01,"2021-04-14 19:47:08",0,0,0
726,howtobesuccessfulforextrader.blogspot.com,0,-,4,0,4,0,"2021-12-17 21:07:14",0,0,0
727,howtocopytradeforex.blogspot.com,0,-,16,0.01,16,0.01,"2021-04-15 23:16:18",0,0,0
728,iamforextrader.blogspot.com,0,159863621,1,0,1,0,"2019-09-06 00:29:54",2,0,0.80
729,ibbrokerforexfbs.blogspot.com,0,122726244,25,0.01,25,0.01,"2021-05-26 08:31:23",2,29,0
730,idn-justinforex.blogspot.com,0,-,552,0.17,552,0.22,"2020-03-25 20:50:53",0,0,0
731,imakemoneyforex.blogspot.com,0,-,27,0.01,27,0.01,"2019-04-06 08:19:15",0,0,0
732,infoorionforex.blogspot.com,0,-,8,0,8,0,"2019-03-14 13:25:05",0,0,0
733,infotradingforexsistem.blogspot.com,0,-,18,0.01,18,0.01,"2019-12-17 14:02:52",0,0,0
734,instaforexpartners.blogspot.com,0,-,6,0,6,0,"2020-04-17 11:43:31",0,0,0
735,instantforexurdu.blogspot.com,0,-,4,0,4,0,"2023-02-21 13:12:11",0,0,0
736,international-forex-trading-signals.blogspot.com,0,-,13,0,13,0.01,"2020-03-05 12:37:06",0,0,0
737,investimentiforex.blogspot.com,0,-,4,0,4,0,"2022-05-13 11:55:28",0,0,0
738,investissementforexcotedivoir.blogspot.com,0,135245557,9,0,9,0,"2020-04-16 19:14:17",1,11,0
739,investsystemsforex.blogspot.com,0,-,5,0,5,0,"2022-06-25 19:09:06",0,0,0
740,iqoptionforextutorial.blogspot.com,0,-,37,0.01,37,0.02,"2019-02-25 22:48:47",0,0,0
741,islamic-forextrading.blogspot.com,0,-,2,0,0,0,"2021-10-16 02:51:36",0,0,0
742,jalatamaberjangkaforex.blogspot.com,0,-,20,0.01,20,0.01,"2021-06-23 12:43:28",0,0,0
743,jalatamaforex.blogspot.com,0,-,13,0,13,0.01,"2021-10-12 02:19:48",0,0,0
744,jasa-eaforex.blogspot.com,0,164915563,3,0,3,0,"2021-12-17 09:50:09",3,11,0.71
745,jdforexbroker.blogspot.com,0,-,58,0.02,0,0,"2022-09-10 21:21:17",0,0,0
746,jdsforex.blogspot.com,0,-,26,0.01,26,0.01,"2021-05-24 21:32:01",0,0,0
747,jobsforexcons.blogspot.com,0,-,15,0,15,0.01,"2019-02-20 20:36:13",0,0,0
748,jpaforex.blogspot.com,0,-,6,0,6,0,"2021-02-01 11:22:28",0,0,0
749,jualforex-bekasi.blogspot.com,0,-,6,0,6,0,"2020-06-29 00:22:01",0,0,0
750,jualforexaslidimedan1.blogspot.com,0,-,7,0,7,0,"2020-04-16 22:21:46",0,0,0
751,jualforexdimedan1.blogspot.com,0,-,8,0,8,0,"2020-07-04 07:03:04",0,0,0
752,jualforexdimedan2.blogspot.com,0,-,17,0.01,17,0.01,"2019-05-02 04:54:04",0,0,0
753,jualforexpalangkaraya.blogspot.com,0,-,35,0.01,35,0.01,"2020-06-05 20:24:27",0,0,0
754,jualobat-forex.blogspot.com,0,-,101,0.03,101,0.04,"2021-01-05 22:22:39",0,0,0
755,jualobatforex-bekasi.blogspot.com,0,-,4,0,4,0,"2021-06-02 16:19:37",0,0,0
756,jualobatforex-medan.blogspot.com,0,-,14,0,14,0.01,"2019-03-14 18:28:44",0,0,0
757,jualobatforexaslidijakarta.blogspot.com,0,178047588,6,0,6,0,"2021-10-24 19:43:06",3,8,0
758,jualobatforexdikendal.blogspot.com,0,-,3,0,3,0,"2021-09-27 14:28:46",0,0,0
759,jumian-forex.blogspot.com,0,144830236,1,0,1,0,"2023-03-20 16:01:20",1,91,0
760,justforexapp.blogspot.com,0,-,14,0,14,0.01,"2020-05-14 06:55:48",0,0,0
761,kabarkitoforex.blogspot.com,0,-,11,0,11,0,"2021-07-17 16:08:14",0,0,0
762,kamus-forex.blogspot.com,0,-,1,0,0,0,"2023-02-27 13:10:36",0,0,0
763,keilmuanforex.blogspot.com,0,-,3,0,3,0,"2021-12-11 10:12:26",0,0,0
764,kenhdautunartureforex.blogspot.com,0,-,15,0,15,0.01,"2019-04-02 10:46:15",0,0,0
765,kg-forex.blogspot.com,0,-,24,0.01,24,0.01,"2020-06-20 02:48:04",0,0,0
766,kishoremforex1.blogspot.com,0,-,1,0,1,0,"2023-03-18 22:26:21",0,0,0
767,knowforex24.blogspot.com,0,-,52,0.02,52,0.02,"2019-03-18 11:53:10",0,0,0
768,kursus-forex-di-semarang.blogspot.com,0,-,60,0.02,60,0.02,"2019-03-12 19:37:24",0,0,0
769,kursusprifatforexjogja.blogspot.com,0,-,10,0,10,0,"2020-06-24 11:14:24",0,0,0
770,kuwaitforextrading.blogspot.com,0,-,65,0.02,65,0.03,"2017-04-12 19:01:48",0,0,0
771,labforexku.blogspot.com,0,-,3,0,3,0,"2021-08-23 13:37:03",0,0,0
772,lamiaeconomiaforex.blogspot.com,0,130043045,6,0,6,0,"2019-04-03 02:29:23",3,20,0
773,lawforexam.blogspot.com,0,-,5,0,5,0,"2021-03-25 18:39:24",0,0,0
774,learn-forex11.blogspot.com,0,-,8,0,8,0,"2022-04-02 19:23:17",0,0,0
775,learn-forextrading1.blogspot.com,0,-,2,0,2,0,"2023-03-12 02:25:25",0,0,0
776,learnforex-currencytradingprofits.blogspot.com,0,-,101,0.03,101,0.04,"2019-03-13 02:54:28",0,0,0
777,learnforextradinguk.blogspot.com,0,-,3,0,3,0,"2019-03-28 01:37:33",0,0,0
778,learnliteforex.blogspot.com,0,-,21,0.01,21,0.01,"2019-04-05 18:39:03",0,0,0
779,liteforex-trading-earning.blogspot.com,0,-,106,0.03,106,0.04,"2019-02-18 23:27:19",0,0,0
780,liteforexcopytrade.blogspot.com,0,-,10,0,10,0,"2021-04-13 12:31:17",0,0,0
781,liveforexperiences.blogspot.com,0,177976068,163,0.05,163,0.07,"2019-03-12 12:24:08",1,8,0
782,liveforexstock.blogspot.com,0,160218550,12,0,12,0,"2019-04-22 00:22:02",2,26,0
783,lkforexlkbinary.blogspot.com,0,207065374,2,0,2,0,"2023-03-13 10:48:14",1,60,0
784,lowestspreadforex.blogspot.com,0,155559082,71,0.02,71,0.03,"2019-02-18 22:04:06",2,25,0
785,lumintu-forex-for-living.blogspot.com,0,-,7,0,7,0,"2021-07-14 19:55:02",0,0,0
786,maileaforex.blogspot.com,0,136571773,1,0,1,0,"2023-03-18 15:33:23",4,707,0
787,makemoneybusinessinvestmentforex.blogspot.com,0,-,2,0,2,0,"2022-02-02 08:48:07",0,0,0
788,malaysiaforexbrokers.blogspot.com,0,-,12,0,12,0,"2019-03-20 05:46:44",0,0,0
789,managedforexaccountsgroup.blogspot.com,0,-,14,0,14,0.01,"2019-04-12 08:02:38",0,0,0
790,managedforexauthority.blogspot.com,0,154780261,25,0.01,25,0.01,"2019-03-30 04:18:27",1,5,0
791,manyforexsecrets.blogspot.com,0,-,9,0,9,0,"2021-05-14 20:11:35",0,0,0
792,mariaforexcom.blogspot.com,0,-,5,0,5,0,"2021-04-27 05:09:39",0,0,0
793,marketingforex2016.blogspot.com,0,-,243,0.08,243,0.10,"2019-03-23 14:32:48",0,0,0
794,masterforexbrokermedan.blogspot.com,0,-,4,0,4,0,"2023-02-21 18:45:41",0,0,0
795,masterforexdenpasar.blogspot.com,0,-,2,0,2,0,"2023-03-16 10:37:02",0,0,0
796,mcxforextraining.blogspot.com,0,125619395,2,0,2,0,"2023-03-21 23:10:08",1,5,0
797,megaforextrading.blogspot.com,0,-,2,0,2,0,"2023-02-20 18:46:34",0,0,0
798,miexperienciaenforex2021.blogspot.com,0,-,2,0,2,0,"2023-02-26 04:02:55",0,0,0
799,mondo-forex.blogspot.com,0,196647322,13,0,13,0.01,"2021-11-21 19:46:36",1,15,0
800,moneymakingforextools.blogspot.com,0,154225243,17,0.01,17,0.01,"2019-03-26 01:41:18",2,6,0
801,monitor-forex.blogspot.com,0,-,16,0.01,16,0.01,"2019-03-31 18:36:30",0,0,0
802,mydaganganforex.blogspot.com,0,-,3,0,3,0,"2022-06-06 01:28:35",0,0,0
803,mynewforexaca.blogspot.com,0,-,3,0,3,0,"2023-01-15 17:34:09",0,0,0
804,nabungforex.blogspot.com,0,159010970,1,0,1,0,"2023-03-03 20:24:20",3,28,0
805,nabungforexcommunity.blogspot.com,0,121800812,5,0,5,0,"2020-05-20 15:57:00",2,12,0
806,natureforex.blogspot.com,0,-,2,0,2,0,"2023-03-19 15:37:25",0,0,0
807,newtradingbitcoindanforex.blogspot.com,0,-,9,0,9,0,"2021-04-28 02:29:13",0,0,0
808,nigeriaforexbrokers.blogspot.com,0,-,11,0,11,0,"2019-03-13 18:45:51",0,0,0
809,novaforex-trader.blogspot.com,0,-,4,0,4,0,"2023-02-25 08:26:55",0,0,0
810,noviaforex.blogspot.com,0,-,1,0,1,0,"2023-03-21 02:27:45",0,0,0
811,obatforexasli-banyuwangi.blogspot.com,0,-,2,0,2,0,"2023-03-17 21:47:23",0,0,0
812,obatforexasli-medan.blogspot.com,0,-,2,0,2,0,"2023-02-24 22:30:23",0,0,0
813,obatforexasli01.blogspot.com,0,-,3,0,3,0,"2022-01-26 20:36:52",0,0,0
814,obatforexaslibandung.blogspot.com,0,-,4,0,4,0,"2022-12-30 02:00:17",0,0,0
815,obatforexaslidimedan.blogspot.com,0,-,2,0,2,0,"2023-03-11 04:20:13",0,0,0
816,obatforexaslijepara.blogspot.com,0,-,2,0,2,0,"2023-03-16 04:13:03",0,0,0
817,obatforexdibatam.blogspot.com,0,-,1,0,1,0,"2023-03-13 04:42:44",0,0,0
818,obatforexdicikarang.blogspot.com,0,-,1,0,1,0,"2023-03-22 07:41:31",0,0,0
819,obatforexdisemarang.blogspot.com,0,-,5,0,5,0,"2022-05-25 22:32:22",0,0,0
820,obatforexhendelaslidijogja.blogspot.com,0,-,3,0,3,0,"2023-03-10 13:38:07",0,0,0
821,obatforexherbalbandung.blogspot.com,0,-,13,0,13,0.01,"2022-05-26 06:34:05",0,0,0
822,obatforexs.blogspot.com,0,-,3,0,3,0,"2022-06-07 03:17:53",0,0,0
823,obatforexse.blogspot.com,0,-,2,0,2,0,"2022-08-08 18:04:25",0,0,0
824,obatforexsem.blogspot.com,0,-,6,0,6,0,"2023-02-22 13:12:30",0,0,0
825,obatforexsema.blogspot.com,0,-,6,0,6,0,"2022-12-08 00:50:32",0,0,0
826,obatforexsemar.blogspot.com,0,-,7,0,7,0,"2022-05-20 19:55:22",0,0,0
827,obatforexsemara.blogspot.com,0,-,6,0,6,0,"2022-10-09 19:27:44",0,0,0
828,obatforexsemaran.blogspot.com,0,-,2,0,2,0,"2023-03-20 22:36:50",0,0,0
829,obatforexsemarang.blogspot.com,0,-,10,0,10,0,"2022-02-22 02:17:54",0,0,0
830,obatforexsemarangt.blogspot.com,0,-,1,0,1,0,"2023-03-20 00:28:14",0,0,0
831,obatforexsemarangtop.blogspot.com,0,-,4,0,4,0,"2023-03-16 17:49:07",0,0,0
832,obathendelforexkudus.blogspot.com,0,-,3,0,3,0,"2022-07-25 07:54:57",0,0,0
833,obchodnistrategieforex.blogspot.com,0,-,16,0.01,16,0.01,"2022-02-03 05:20:46",0,0,0
834,omundoforex.blogspot.com,0,-,1,0,1,0,"2023-03-16 08:59:57",0,0,0
835,online-forex-trading-philippines.blogspot.com,0,-,7,0,7,0,"2019-04-06 23:06:15",0,0,0
836,onlineforexbrokerindia.blogspot.com,0,-,68,0.02,68,0.03,"2019-03-19 02:00:18",0,0,0
837,onlineforexcard.blogspot.com,0,137712090,21,0.01,21,0.01,"2019-04-05 17:36:22",2,12,0
838,onlineforextrad.blogspot.com,0,115677169,4,0,4,0,"2022-01-06 20:14:07",2,238,0
839,onlineforextrading7.blogspot.com,0,153603807,2,0,2,0,"2022-03-02 19:10:23",2,7,0
840,onlineforextradingandfinancenews.blogspot.com,0,-,113,0.04,113,0.05,"2019-02-09 06:43:08",0,0,0
841,onlineforextradingstrategiess.blogspot.com,0,118417748,5,0,5,0,"2019-04-09 05:29:41",4,28,0
842,onlineforextradingsystem.blogspot.com,0,145907173,66,0.02,66,0.03,"2019-02-10 13:39:21",6,7,0
843,open-forex-trading.blogspot.com,0,-,10,0,10,0,"2021-11-14 16:01:46",0,0,0
844,parceriaroboforex.blogspot.com,0,152644194,266,0.08,266,0.11,"2019-02-19 20:24:24",7,59,0
845,passionforexamspatna.blogspot.com,0,154768638,9,0,9,0,"2020-03-30 17:31:15",1,5,0
846,pointspivotsforex.blogspot.com,0,-,8,0,8,0,"2019-03-22 10:23:42",0,0,0
847,pretorialostloverlovespellsforexlover.blogspot.com,0,-,2,0,2,0,"2023-02-10 01:33:29",0,0,0
848,profitableforexindicator.blogspot.com,0,-,6,0,6,0,"2021-05-25 16:22:28",0,0,0
849,profitinforextrading.blogspot.com,0,-,11,0,11,0,"2021-07-27 17:50:23",0,0,0
850,ratutradingforex.blogspot.com,0,-,1,0,1,0,"2019-04-07 13:42:27",0,0,0
851,roboforexaffl.blogspot.com,0,-,6,0,6,0,"2020-06-25 06:16:01",0,0,0
852,roboforexafrica.blogspot.com,0,-,1049,0.33,1049,0.43,"2019-02-15 02:07:30",0,0,0
853,roboforexangola.blogspot.com,0,116182515,1743,0.55,1743,0.71,"2016-05-11 01:24:56",8,74,0
854,roboforexbrazil.blogspot.com,0,162480951,1167,0.37,1167,0.48,"2018-04-18 07:17:01",6,22,0
855,roboforexguine.blogspot.com,0,-,1187,0.37,1187,0.48,"2016-06-14 21:00:44",0,0,0
856,roboforexmacao.blogspot.com,0,193099347,1183,0.37,1183,0.48,"2016-09-09 01:03:30",2,30,0
857,roboforexmozambique.blogspot.com,0,135987362,1186,0.37,1186,0.48,"2017-04-11 22:11:01",6,19,0
858,roboforexpt.blogspot.com,0,-,392,0.12,392,0.16,"2019-02-24 22:10:49",0,0,0
859,roboforexsaotome.blogspot.com,0,-,1131,0.36,1131,0.46,"2019-02-14 12:16:42",0,0,0
860,robotforexbagihasil.blogspot.com,0,142614142,43,0.01,43,0.02,"2022-06-20 16:44:51",1,8,0
861,robotforexdiindonesia.blogspot.com,0,143049574,43,0.01,43,0.02,"2022-03-10 20:57:21",1,9,0
862,robotforexgratis2022.blogspot.com,0,139308019,36,0.01,36,0.01,"2022-05-08 10:09:09",1,8,0
863,robotforexhalal.blogspot.com,0,141239709,29,0.01,29,0.01,"2022-04-01 00:36:54",1,9,0
864,robotforexsingleentry.blogspot.com,0,139308120,165,0.05,165,0.07,"2022-02-27 21:05:19",1,9,0
865,robotforexterbaikindonesia.blogspot.com,0,-,16,0.01,16,0.01,"2021-05-24 20:28:08",0,0,0
866,sawroboforex.blogspot.com,0,-,2,0,2,0,"2022-07-22 16:06:44",0,0,0
867,sekolahforexbandung.blogspot.com,0,-,6,0,6,0,"2022-05-16 07:28:11",0,0,0
868,sekolahforexbengkulu.blogspot.com,0,-,2,0,2,0,"2020-06-27 05:09:30",0,0,0
869,sekolahforexid.blogspot.com,0,-,1,0,1,0,"2023-03-16 13:56:45",0,0,0
870,sekolahforexlombok.blogspot.com,0,-,1,0,1,0,"2020-06-28 03:16:58",0,0,0
871,sekolahforexpekanbaru.blogspot.com,0,-,1,0,1,0,"2020-06-27 07:03:22",0,0,0
872,servicetradeforexcopier.blogspot.com,0,-,12,0,12,0,"2021-11-10 18:42:46",0,0,0
873,sewaroboforex.blogspot.com,0,-,21,0.01,21,0.01,"2021-01-21 12:11:06",0,0,0
874,sgmforex.blogspot.com,0,-,5,0,5,0,"2021-05-24 21:38:24",0,0,0
875,shamsulforextrading.blogspot.com,0,179435667,341,0.11,341,0.14,"2019-03-01 22:19:19",3,8,0
876,signalshotforex.blogspot.com,0,-,2,0,2,0,"2021-09-05 20:56:43",0,0,0
877,signalsusaforex.blogspot.com,0,-,3,0,3,0,"2021-08-03 05:37:36",0,0,0
878,sikulaforex.blogspot.com,0,-,6,0,6,0,"2022-01-07 14:51:58",0,0,0
879,singaporeforexcoursesreviews.blogspot.com,0,-,10,0,10,0,"2021-11-25 16:45:41",0,0,0
880,singsecretsforexpats.blogspot.com,0,-,10,0,10,0,"2021-02-13 20:21:06",0,0,0
881,sinyalforex02.blogspot.com,0,-,10,0,10,0,"2022-01-07 15:18:09",0,0,0
882,snowcatforex.blogspot.com,0,-,16,0.01,16,0.01,"2019-04-06 06:15:48",0,0,0
883,sofortverdienst-im-forex-trading.blogspot.com,0,-,41,0.01,41,0.02,"2019-08-05 23:45:16",0,0,0
884,softwareparaforex.blogspot.com,0,-,6,0,6,0,"2020-07-18 10:04:44",0,0,0
885,spellforexloveback.blogspot.com,0,146768114,9,0,9,0,"2022-12-15 14:11:47",6,6,0
886,spforexex.blogspot.com,0,-,6,0,6,0,"2022-05-21 22:45:06",0,0,0
887,stock-commodity-forex.blogspot.com,0,-,10,0,10,0,"2019-04-06 09:56:51",0,0,0
888,stock-forex-trading-signals.blogspot.com,0,-,13,0,13,0.01,"2021-03-06 21:00:27",0,0,0
889,stock-picks-forex-signals.blogspot.com,0,-,277,0.09,277,0.11,"2018-12-28 19:49:28",0,0,0
890,stockmarketforexsignalgenienews.blogspot.com,0,-,12,0,12,0,"2021-06-03 14:45:23",0,0,0
891,superforexcomindonesia.blogspot.com,0,-,5,0,5,0,"2021-09-02 11:29:34",0,0,0
892,superforextradingrobots.blogspot.com,0,-,3,0,3,0,"2022-10-29 20:07:57",0,0,0
893,sygnaly-forex.blogspot.com,0,-,6,0,6,0,"2022-06-17 00:05:17",0,0,0
894,techforexample.blogspot.com,0,-,6,0,6,0,"2021-05-06 15:14:12",0,0,0
895,techforexnews.blogspot.com,0,-,5,0,5,0,"2022-01-03 02:49:20",0,0,0
896,technoforextrade.blogspot.com,0,-,3,0,3,0,"2023-03-07 07:16:01",0,0,0
897,teknikanalisaforex.blogspot.com,0,-,4,0,4,0,"2023-01-14 07:52:17",0,0,0
898,tekniktradingforexselaluprofit.blogspot.com,0,-,4,0,4,0,"2023-03-01 22:44:24",0,0,0
899,tekniktradingforexsimple.blogspot.com,0,-,11,0,11,0,"2021-06-03 06:20:37",0,0,0
900,tekniktradingforextanpaloss.blogspot.com,0,-,10,0,10,0,"2021-10-22 06:56:55",0,0,0
901,thaiforexfamily-ea.blogspot.com,0,-,9,0,9,0,"2022-03-23 22:11:20",0,0,0
902,the-forex-forecast.blogspot.com,0,-,2,0,1,0,"2023-03-17 12:17:52",0,0,0
903,theforextrendyreviews.blogspot.com,0,132056502,9,0,9,0,"2020-09-27 02:56:30",11,5,0
904,thitruongforexvn.blogspot.com,0,-,22,0.01,22,0.01,"2019-03-12 17:10:55",0,0,0
905,tipsandtrickforextrading2017.blogspot.com,0,-,67,0.02,67,0.03,"2021-07-02 19:53:39",0,0,0
906,tokoobatforexdigrobogan.blogspot.com,0,-,1,0,1,0,"2023-03-22 10:37:27",0,0,0
907,tokoverenaobatforex.blogspot.com,0,-,3,0,3,0,"2022-07-31 20:08:46",0,0,0
908,tokoverenashopforex.blogspot.com,0,-,5,0,5,0,"2021-10-06 23:33:31",0,0,0
909,tokoverenashopobatforex.blogspot.com,0,-,8,0,8,0,"2021-01-01 17:13:14",0,0,0
910,topforexpt.blogspot.com,0,126193195,11,0,11,0,"2019-04-05 14:04:15",6,5,0
911,topforexrobots.blogspot.com,0,-,99,0.03,99,0.04,"2019-02-14 06:38:39",0,0,0
912,tradeforexcopierinfo.blogspot.com,0,-,13,0,13,0.01,"2021-04-10 19:18:11",0,0,0
913,tradeforexforlife.blogspot.com,0,-,9,0,9,0,"2020-09-16 10:03:50",0,0,0
914,traderforexdepok.blogspot.com,0,-,6,0,6,0,"2021-02-05 21:33:11",0,0,0
915,traderforexportugal.blogspot.com,0,-,22,0.01,22,0.01,"2022-01-02 23:32:42",0,0,0
916,trading-broker-forex.blogspot.com,0,-,13,0,13,0.01,"2019-03-18 21:37:12",0,0,0
917,trading-forexindo.blogspot.com,0,-,46,0.01,46,0.02,"2021-02-08 18:25:22",0,0,0
918,trading-forexmentor.blogspot.com,0,-,9,0,9,0,"2021-12-24 12:08:14",0,0,0
919,tradingbitcoindanforex.blogspot.com,0,-,4,0,4,0,"2022-02-02 20:53:47",0,0,0
920,tradingforex2014.blogspot.com,0,-,25,0.01,25,0.01,"2019-04-06 22:07:14",0,0,0
921,tradingforexsecret.blogspot.com,0,-,15,0,15,0.01,"2019-04-21 21:15:04",0,0,0
922,tradingonlinesahamdanforex.blogspot.com,0,-,24,0.01,24,0.01,"2019-03-13 00:21:38",0,0,0
923,trainingforexam.blogspot.com,0,154672907,23,0.01,23,0.01,"2019-02-08 23:40:14",1,6,0
924,travelforexploring.blogspot.com,0,-,24,0.01,24,0.01,"2021-03-21 15:20:13",0,0,0
925,trickforextrading.blogspot.com,0,-,21,0.01,21,0.01,"2021-08-18 08:16:21",0,0,0
926,triplearrowsystem-superezforex.blogspot.com,0,-,1,0,1,0,"2022-01-24 01:51:08",0,0,0
927,trustedforexsignals.blogspot.com,0,125619556,8,0,8,0,"2021-04-15 18:04:23",1,5,0
928,usa-forexmoney.blogspot.com,0,-,10,0,10,0,"2019-03-31 10:38:04",0,0,0
929,videoforexchannels.blogspot.com,0,-,4,0,4,0,"2023-01-12 07:25:40",0,0,0
930,vipforexsignalspro.blogspot.com,0,195640882,10,0,10,0,"2021-04-25 11:20:14",2,8,0
931,vutaforex.blogspot.com,0,-,34,0.01,34,0.01,"2021-04-10 00:18:17",0,0,0
932,weeklychartstrategyforex.blogspot.com,0,-,2,0,2,0,"2022-12-15 10:36:44",0,0,0
933,whatareforexadvisors.blogspot.com,0,-,10,0,10,0,"2021-06-05 07:59:24",0,0,0
934,world-trend-forex.blogspot.com,0,-,25,0.01,25,0.01,"2019-03-20 00:52:39",0,0,0
935,forex.blogspot.com,0,-,19,0.01,19,0.01,"2021-05-14 12:20:23",0,0,0
936,forex.blogspot.com,0,-,11,0,11,0,"2021-01-15 23:16:26",0,0,0
937,forex.blogspot.com,0,-,17,0.01,17,0.01,"2021-06-02 23:15:49",0,0,0
938,forex.blogspot.com,0,-,18,0.01,18,0.01,"2021-04-06 08:13:38",0,0,0
939,forex.blogspot.com,0,-,17,0.01,17,0.01,"2020-05-23 07:03:31",0,0,0
940,forex.blogspot.com,0,-,10,0,10,0,"2021-08-18 02:12:50",0,0,0
941,forex.blogspot.com,0,-,16,0.01,16,0.01,"2021-05-21 03:16:43",0,0,0
942,forex.blogspot.com,0,-,18,0.01,18,0.01,"2020-06-15 06:25:18",0,0,0
943,forex.blogspot.com,0,-,13,0,13,0.01,"2021-05-27 19:14:15",0,0,0
944,yours-forex-signals.blogspot.com,0,-,96,0.03,96,0.04,"2019-03-03 03:12:47",0,0,0
945,zhoneeforex.blogspot.com,0,-,7,0,7,0,"2020-03-31 13:05:39",0,0,0
946,bonus-forex.com,0,128069990,2,0,0,0,"2023-03-05 14:30:38",4,29,0
947,booksforexpats.com,0,-,2,0,0,0,"2021-04-06 10:11:33",0,0,0
948,centuryforexservices.com,0,-,1,0,0,0,"2022-12-21 16:45:43",0,0,0
949,cheapestforex.com,0,-,4,0,0,0,"2019-04-23 00:42:47",0,0,0
950,coinsforexpro.com,0,-,1,0,0,0,"2022-05-11 06:47:16",0,0,0
951,daspanforex.com,0,-,1,0,0,0,"2021-06-19 05:03:17",0,0,0
952,davinnetteforex.com,0,188457477,1,0,0,0,"2022-11-27 18:03:09",1,6,0.01
953,digitalforextrending.com,0,124078790,18,0.01,18,0.01,"2022-11-23 20:47:45",16,"13,215",0
954,discoveryforexbureau.com,0,-,1,0,0,0,"2023-02-13 01:17:44",0,0,0
955,doctorsforexpats.com,0,128390892,2,0,0,0,"2022-08-10 06:01:36",1,0,0
956,dubaiforexexpo.com,0,153581681,1,0,0,0,"2023-01-11 09:12:53",13,3,39
957,easyforexfunds.com,0,-,1,0,0,0,"2022-12-04 06:52:02",0,0,0
958,eliteforexfirm.com,0,-,1,0,0,0,"2022-02-20 07:27:36",0,0,0
959,empresadeforexbrentfex.com,0,-,4,0,0,0,"2022-09-06 19:23:08",0,0,0
960,erichforex.com,0,-,1,0,0,0,"2022-01-15 23:41:42",0,0,0
961,excaliburforexteriors.com,0,131065267,1,0,1,0,"2023-02-12 18:05:55",3,0,1.0
962,exploreforexposure.com,0,206632728,18,0.01,0,0,"2022-07-03 22:39:18",1,6,0
963,flamforex.com,0,-,1,0,0,0,"2022-05-22 01:15:31",0,0,0
964,forex-bite.com,0,-,1,0,0,0,"2022-11-19 22:04:47",0,0,0
965,forex-coinsltd.com,0,-,3,0,0,0,"2022-03-21 07:46:50",0,0,0
966,forex-copy.com,0,-,1,0,0,0,"2022-01-07 16:22:38",0,0,0
967,forex-financelp.com,0,-,2,0,0,0,"2022-03-28 03:29:34",0,0,0
968,forex-know.com,0,-,2,0,0,0,"2021-05-13 12:02:35",0,0,0
969,forex-mk.com,0,-,1,0,0,0,"2023-02-14 07:01:11",0,0,0
970,forex245academy.com,0,-,2,0,2,0,"2021-04-03 07:01:34",0,0,0
971,forexallin1.com,0,205580889,1,0,0,0,"2023-02-20 23:40:28",1,16,0
972,forexati.com,0,-,1,0,0,0,"2022-08-06 10:42:13",0,0,0
973,forexbarn.com,0,181151079,1,0,0,0,"2022-01-07 17:18:59",1,15,0
974,forexbarsad.com,0,191170278,1,0,0,0,"2022-01-07 03:34:24",2,9,0
975,forexbaz.com,0,-,1,0,0,0,"2023-02-27 07:35:00",0,0,0
976,forexblend.com,0,-,1,0,0,0,"2022-01-07 02:11:22",0,0,0
977,forexbrew.com,0,-,1,0,0,0,"2022-01-07 17:50:01",0,0,0
978,forexbrokerworld.com,0,-,1,0,1,0,"2022-12-22 14:05:46",0,0,0
979,forexchasersbroker.com,0,-,2,0,0,0,"2023-03-19 04:20:58",0,0,0
980,forexclubtrader.com,0,-,1,0,0,0,"2021-07-02 19:19:18",0,0,0
981,forexcolimited.com,0,-,2,0,0,0,"2022-12-12 20:45:25",0,0,0
982,forexdautu.com,0,-,75,0.02,75,0.03,"2022-09-24 14:04:15",0,0,0
983,forexea2021.com,0,-,1,0,0,0,"2021-02-12 19:03:36",0,0,0
984,forexelitetrade.com,0,122671488,2,0,0,0,"2022-05-24 18:08:32",7,7,0
985,forexgta.com,0,-,1,0,0,0,"2022-09-25 02:43:23",0,0,0
986,forexgurubd.com,0,-,1,0,0,0,"2022-12-25 03:41:46",0,0,0
987,forexincrypto.com,0,-,1,0,0,0,"2020-06-16 20:40:18",0,0,0
988,forexintelligencena.com,0,-,6,0,6,0,"2022-07-20 18:43:14",0,0,0
989,forexlast.com,0,-,1,0,0,0,"2022-01-07 16:01:51",0,0,0
990,forexlogik.com,0,-,2,0,0,0,"2023-03-06 02:01:07",0,0,0
991,forexmarketupdate.com,0,158148783,1,0,0,0,"2021-08-06 10:36:15",7,20,0
992,forexmillionnaires.com,0,-,10,0,10,0,"2022-07-03 15:46:06",0,0,0
993,forexmmo.com,0,117885458,1,0,1,0,"2022-06-11 03:37:16",23,190,0
994,forexnewsalert.com,0,-,2,0,0,0,"2023-02-02 21:25:21",0,0,0
995,forexnewsuk.com,0,-,1,0,1,0,"2021-11-23 01:28:01",0,0,0
996,forexocity.com,0,-,1,0,0,0,"2022-01-09 01:17:23",0,0,0
997,forexopher.com,0,-,1,0,0,0,"2023-01-22 14:03:58",0,0,0
998,forexoptionstrd.com,0,-,2,0,0,0,"2022-06-09 23:45:19",0,0,0
999,forexparaemprendedores.com,0,133574276,1,0,0,0,"2022-03-08 19:05:37",8,3,7
1000,forexpixels.com,0,-,1,0,0,0,"2022-01-12 10:30:00",0,0,0
